identity,similarity,template,target,ID
1.000,1.000,YGLFD,YGLFD,1P4I_1
0.600,0.593,YYAITTMADY,YYGLYDMADY,6BZV_1
0.667,0.559,YVGYYD,YVGLPD,5XAJ_1
0.625,0.593,VWPGWRRLDGGDLDMF,VWLGGRSLDKGDFDMY,5WCA_1
0.545,0.456,YFTLRNTYDDG,PFTVTPTWDDG,5UTZ_1
1.000,1.000,YKTSYSMADL,YKTSYSMADL,4RRP_1
0.917,0.857,DYFYYTGKEEQG,DYFPYTGKEEQG,5JO5_1
0.500,0.324,YVGADA,YEEYDA,2EH7_1
0.526,0.472,VMSGYYYYTYGVRSGYDYN,VMGGYYYAYFADRDVTDYN,6MID_1
1.000,1.000,YRYERDDL,YRYERDDL,1BVK_1
1.000,1.000,YWDGD,YWDGD,2DQH_1
0.500,0.359,YYADTADF,YGAAAADA,2G60_1
0.538,0.400,VLYDFGDFSNSDR,VWYSFGYFFNPDS,5I5K_1
0.870,0.927,RDGNCCGNSGQFHFCHWCDRRAG,RDGNCCGNSGEFHFCYWCDKRAG,4S1R_1
0.875,0.844,TSGGGVDF,TSGGGFDF,4V1D_2
1.000,1.000,YSLSLVSYSADT,YSLSLVSYSADT,4NYL_1
0.714,0.600,YFVGGGD,YFYYGGD,4BKL_1
0.368,0.242,KYSLYYYWMDYMGPWPELW,VYDHPSGWYDYMGYYIMNW,5C8J_1
0.294,0.010,VDYMYYPYEGGLVSDGR,HSGMDYRYITFHRYDKR,3NPS_1
1.000,1.000,YWDGD,YWDGD,5VJO_1
0.700,0.633,YYDWVLMGDY,YYEDPLMGDY,1QKZ_1
0.500,0.438,YMWYAD,YLTGAD,4XMM_1
1.000,1.000,VWGGD,VWGGD,1XGQ_1
1.000,1.000,YWDGD,YWDGD,5VJQ_1
1.000,1.000,YFGAGRP,YFGAGRP,3G5X_1
0.364,0.113,VFSGNYYYWDT,SFSGMGYGPGQ,5VXR_1
0.438,0.267,IDYADYEYDTYGSDFD,YYYYLDSYATNGSDFS,6APB_1
0.500,0.326,YGRGSSDF,YPRGIVLF,6FGB_1
1.000,1.000,YVMDVETYYITYGYLDYD,YVMDVETYYITYGYLDYD,3GRW_1
1.000,1.000,YVMDVETYYITYGYLDYD,YVMDVETYYITYGYLDYD,4WV1_1
1.000,1.000,VYPELLMGDY,VYPELLMGDY,3HAE_1
1.000,1.000,YFGAGRP,YFGAGRP,3G5V_1
1.000,1.000,YYHWFVDHRGADA,YYHWFVDHRGADA,6DZL_1
1.000,1.000,VYTFMNGYSYYDY,VYTFMNGYSYYDY,5LBS_1
0.385,0.194,VWYSFYVVYYSDN,SPISFYDAGVHDN,4R90_1
0.438,0.333,VYYGYRYDDRGYYDML,PGHGLDYFDRGTLDLL,4N0Y_1
0.385,0.301,YYYNFGAYYGGDY,RDAGFGCVLSGDY,6GG0_1
0.625,0.571,YAYWGSDM,YVYTVSDM,1XGY_1
1.000,1.000,PFSGGISWGDY,PFSGGISWGDY,4HG4_1
0.500,0.556,YEEYDA,YGDYDV,1F3D_1
1.000,1.000,YYFGDGV,YYFGDGV,2Q76_1
1.000,1.000,VTMQYHMGERDV,VTMQYHMGERDV,3GBN_1
-1.000,-1.000,,HA,6CT7_1
1.000,1.000,STFGQELYDMDY,STFGQELYDMDY,3NA9_1
1.000,1.000,GMEFSVGAYRIDYVFFVYQYRYGR,GMEFSVGAYRIDYVFFVYQYRYGR,5CEY_1
0.600,0.600,YHGSIYLVDS,YNGSRYLADN,5JO4_2
1.000,1.000,YYVTSRDF,YYVTSRDF,5XCV_1
1.000,1.000,GFAWQLRLGDVYDQTAD,GFAWQLRLGDVYDQTAD,3THM_1
1.000,1.000,TYYNYHEDIDVLGGYKLYD,TYYNYHEDIDVLGGYKLYD,4ERS_1
1.000,1.000,YNYGSKGFRHDPCNWVGAVY,YNYGSKGFRHDPCNWVGAVY,5BZW_1
1.000,1.000,YLSGRLFDG,YLSGRLFDG,3CLF_1
0.500,0.283,IAHALSDF,IADPDPDF,1IQD_1
0.227,0.023,RSWEFEDYGVDLYYFYPMLSGV,GSDYSPDGGEDFRGDFDFFDGW,1RHH_1
1.000,1.000,VGDFRYFYDW,VGDFRYFYDW,3UTZ_3
0.333,0.239,YWFYYAPITYAD,YWFRIDERNIAA,5HBT_1
0.385,0.239,VYGGMYDIQYYDN,VDGGLVDPIRTDH,6BLH_1
0.583,0.493,YAMRYGAYYDDY,YAMVYFGYYDAS,1J05_1
0.538,0.457,VWYSFGYFFNPDS,VLYDFGDFSNSDR,4QTH_1
1.000,1.000,NAYQFGLPRNVRL,NAYQFGLPRNVRL,4JAM_2
1.000,1.000,YMGDWGGAYDF,YMGDWGGAYDF,5TDO_1
0.583,0.484,YTLQPEGIRLDL,YDLAGEGLRLYL,4ZSO_1
0.556,0.368,YRNSWYMDA,YRCYAYMDP,1YUH_1
0.500,0.314,YWAYEGAF,YPHYGNAF,2HKF_1
0.500,0.373,YSDRRSFYDN,IGWRRNFADN,4NP4_1
0.385,0.179,VWYYFGWGDYLDY,YDGYFFKGEYGVY,5JQ6_1
0.706,0.606,YGKFGIGPTEGTWGAAW,HGKFGIGPTEGTLWQAG,4OB5_1
0.889,0.873,HDFSNYYSSIGAWYYDPD,HDFSNYYSSIGGWYYDPL,5TQA_1
0.412,0.223,PDRFGSVERDRSFYDWR,PGRFNYYCRDGVGGDWC,6MED_1
0.385,0.118,SELRFPDRGGVDG,YFDIFHDRPGTDL,5K9O_1
1.000,1.000,HWAGYRAQKESAR,HWAGYRAQKESAR,4LSR_1
0.312,0.229,VDMRGMRVDAITFDVV,VAVWNLKVEGILNDFV,4KTD_1
0.500,0.433,YYFGYSVYYSDG,YYFYFAVVKSDY,5FGB_1
0.316,0.131,PYYGRGDFPDVMGGTNVYR,PYATLISRLDVMDSYSNYD,5JZ7_1
1.000,1.000,VWGGD,VWGGD,1XGT_1
0.700,0.733,YGDGLDFWAA,YGDGTRFWAS,1S3K_1
0.308,0.015,SWQVLRLDAGADD,STPSLRGAHTGDI,5CHN_1
0.455,0.261,YFGYYDYYSDG,DFGDYRYVWDQ,4LVN_1
0.500,0.292,YGEHDIDF,YGFIPGDF,2VQ1_1
0.923,0.890,YNARMLHKGTGDR,YNARMLHKGTGDG,4ODS_1
0.286,0.096,YYGFDGTDGPGSGS,YDFWDPCRGSGCQY,5JOF_1
0.333,0.227,YWWLAHVYQPSSYDM,YWWFAPKWWGYPEDG,6CBV_1
0.700,0.679,VSYGDAFYDR,VVYGKGFYDR,5CSZ_1
0.294,0.216,VYNVWETYEVHQTKDHK,YYFMWGSSGTVRPKDAK,3PNW_1
0.250,0.104,SPYYGPSFNYDIAGSYPDYY,SNPHSDGLFFAIADAYSWPY,5ALB_1
1.000,1.000,VFFSLTD,VFFSLTD,4UOK_1
0.538,0.519,IYGHMFGRGYYDY,VYTFMNGYSYYDY,4UTA_1
0.583,0.521,YAMEYDGYYYDN,YAMRYGAYYDDY,1SBS_1
1.000,1.000,YGFYSPGYYKMDMRVSWDYY,YGFYSPGYYKMDMRVSWDYY,5WOB_6
0.538,0.537,YAWGFYHDYGSAT,YVWGFYNYYPLAS,6N5B_1
0.778,0.702,YDVVTVFDS,YGVETVFDS,6BPC_1
1.000,1.000,YRLAERFTDR,YRLAERFTDR,1A4J_1
0.333,0.180,YAGGNYFAW,YAAYDYRVD,2G2R_1
0.562,0.485,VYYGYAYGDPRYLDMT,VYYGYGHPDKNPKDMT,4C2I_1
0.467,0.303,VYYMGAYADRAHLDG,VWYMGEYYDDDPWDE,4UU9_1
0.615,0.479,YDAPMTRPIVLDV,YDAVMTHPPGADV,4HZL_1
0.545,0.538,YFSYHWRLGDG,CLSYQWRSGDS,5UBZ_1
1.000,1.000,YYAGWPHGSLTDY,YYAGWPHGSLTDY,4LVH_3
0.357,0.196,YDYMPVIWGFERDV,YGYMMGGWWQMEDY,6CW3_1
1.000,1.000,YTY,YTY,5YY5_1
0.455,0.446,YLYWTPWGSDW,YLWFSRQGSDY,4JQI_1
0.400,0.283,YYGLYDMADY,SYGDHDREFY,4HGW_1
1.000,1.000,VGDFRYFYDW,VGDFRYFYDW,3UTZ_1
0.364,0.242,IYLRGGDYLWDVYYGGRMRNVP,LYGLLHAYQWDVYHSGFMNLGD,4FZ8_1
1.000,1.000,FPGYKMDMVWDYGYSYRSYY,FPGYKMDMVWDYGYSYRSYY,5CJO_1
0.417,0.324,YYFYDRDYRGDA,YIMYDIYFFDDA,1MNU_1
0.556,0.364,IDGVGLFDA,IDLFVSFDA,5MVZ_1
0.545,0.254,VFPYRGSYNDY,VFWSDGSYWDD,6AND_1
0.556,0.533,YSYPYDFAW,YTYYDDFTW,1F8T_1
1.000,1.000,VFVFRDDF,VFVFRDDF,4FFV_1
1.000,1.000,FYGWEADYGLDVYNFMPERYI,FYGWEADYGLDVYNFMPERYI,5U3M_1
1.000,1.000,YRYERDDL,YRYERDDL,1A7P_1
1.000,1.000,YYPSGGFDF,YYPSGGFDF,1WT5_1
0.571,0.300,FLIYDGD,DLGGDGD,5D6C_1
0.143,-0.250,YVDFNWA,PVVVPLN,1MCO_1
1.000,1.000,VTMQYHMGERDV,VTMQYHMGERDV,3GBM_1
1.000,1.000,YYYLVVDLDFHNDY,YYYLVVDLDFHNDY,1Y18_1
0.714,0.643,YSNGYGD,YFIGYGD,6A3W_1
0.538,0.475,YYGTMSSRGFYDS,IYGHMFGRGYYDY,1W72_1
0.571,0.512,YFVGNYD,YPLGNYA,3LEY_1
0.500,0.375,YSGHNYAF,YPGDPYAA,1MAM_1
0.500,0.310,YFFIMRGGDTDT,VVFIGLLVDTDT,6BQB_1
1.000,1.000,FYIYDGLEDG,FYIYDGLEDG,5I19_1
0.900,0.754,YVIGTTMADR,YVIGTTMADW,2O5X_1
0.867,0.892,YFGFYIYNGSYLVDV,YFGFYIYSGSHLVDV,5UKQ_1
1.000,1.000,YSG,YSG,4QT5_1
0.556,0.397,YGTDLRFDP,YGLTGWFDP,5TRU_1
0.636,0.561,YMSGRNYAYDS,YLSGYYYAYDY,5KVD_1
0.294,0.077,YVGHGGGSQDKVEVDRR,YSAPFCGSHDGGSCDGF,2FB4_1
0.917,0.912,VYFGYRGGGRDI,VYFGYRGGGRDS,4NJ9_1
0.538,0.325,RDAGFGCVLSGDY,YDNGFEGVWSGDS,6II9_1
0.889,0.857,YDGEGPIDS,YDGEGRIDS,4TSC_1
1.000,1.000,SEPPYYTFKFQDYEGYGWGD,SEPPYYTFKFQDYEGYGWGD,5IQ9_1
1.000,1.000,YGDGHYFYDS,YGDGHYFYDS,3OPZ_1
0.238,0.081,KENDRREFGEDLKGNFHRPLF,IMRPDDDAGSDLGVQFYVPAK,4OCR_1
0.600,0.517,YKTSYSMADL,YSWSYSIADY,4G7V_1
0.947,0.942,SYYDSYDSFDVLGLYRSYA,SYYDSYDSFDVLGLYRGYA,4LRI_1
0.750,0.600,YAHGGSDM,SAHGGWDM,5TZT_1
1.000,1.000,YMTSGYSAYDS,YMTSGYSAYDS,4JFZ_1
0.750,0.698,VYLSGRDF,VYLDQRDF,4LIQ_1
0.857,0.844,YFGSWEP,YFGSWED,3HC4_1
0.286,0.000,YFWVTTA,NDNLTQA,5TJD_1
1.000,1.000,HSRMISPAAEAHSDFD,HSRMISPAAEAHSDFD,4YFL_2
1.000,1.000,YHRQEYFWAS,YHRQEYFWAS,6EYN_1
1.000,1.000,YRYERDDL,YRYERDDL,1A7N_1
1.000,1.000,LSSFAENFLYLQADG,LSSFAENFLYLQADG,3MLT_1
0.875,0.932,YRYERDDL,YRFERDDL,1KIQ_1
0.385,0.312,PWRDLYDRLSSDG,PWHDLGDESKLHD,4JPW_1
0.556,0.380,YYSISGFDS,YDSNYGLDS,5L7X_1
0.944,0.963,YDFSNYGGSIGGWYYDPL,YDFSNYGSSIGGWYYDPL,5U15_1
0.500,0.423,YYLYIHPLNGDH,YYGYRDPINWDN,6IEK_1
1.000,1.000,YDWTFTRAHGLAV,YDWTFTRAHGLAV,3EYS_1
0.500,0.383,NYNFLGDF,HYFGLADF,1CIC_2
0.941,0.960,VEYMYYPYHAGLTTDGT,VDYMYYPYHAGLTTDGT,6DLA_1
0.750,0.865,FYSEGWDF,YYAEGWDF,5F6I_1
0.333,0.137,VEDFYTWLSVPILDT,LLGFYVRLSSIAGDR,6DW2_1
1.000,1.000,IGNDGIYDG,IGNDGIYDG,4RZC_1
0.700,0.690,YYYGNGLADD,YYNGNGMADR,5KEL_1
1.000,1.000,YDDYRYMDA,YDDYRYMDA,2NYY_1
0.600,0.418,YYGLYDMADY,YYLQGLMADY,4RAU_1
0.000,1.000,YPDDSMFSAG,XXXXXXXXXX,6JMQ_1
0.714,0.750,YYDDGND,YMSDGND,4ZPT_1
0.750,0.698,YAFGGKDM,YAGGSKDM,4BZ1_1
1.000,1.000,YRSGPLYYDG,YRSGPLYYDG,4Z0X_1
0.625,0.620,YWAGDSAF,YWAYEGAF,3KJ4_2
0.600,0.466,VYGYYYFYDW,VYRSNYFYDD,4EBQ_1
0.375,0.281,YCYPGSWCHASSRDVA,ICNAGSRCVGYSTDFS,4XAK_1
0.538,0.373,YYYLFYELSGSDY,YYRDFYYLKTSDG,5T5F_1
0.556,0.407,YDGEGRFVS,YDFAGRFDH,1NFD_1
1.000,1.000,VDYMYYPYEGGLVSDGR,VDYMYYPYEGGLVSDGR,4WUK_1
0.667,0.565,IDNEGDFDA,IDGVGLFDA,5CUS_1
0.929,0.907,HIGFPATEGTPKAG,HIGFLATEGTPKAG,3LH2_1
0.438,0.390,VSCVRCSYERGTSDMS,CTCYYCYFEGGASDFS,6D11_1
0.333,0.254,YAMSSRGGYYDH,LAYSTDAGIYNG,5V6L_1
0.556,0.554,YYYHGGMDA,YEHHDGMDT,3V6O_1
1.000,1.000,YDDYRYMDA,YDDYRYMDA,2NZ9_1
1.000,1.000,YLWHRNDF,YLWHRNDF,5GKR_1
0.500,0.404,YNGYDYDF,YFGGVFDF,2BDN_1
0.200,-0.296,YEYLD,PEKDL,1JNL_1
1.000,1.000,WNRYSYGEYDYFYGYPVYD,WNRYSYGEYDYFYGYPVYD,4NWT_1
0.200,-0.167,YEGYI,DEVAT,5AUM_1
1.000,1.000,FYIYDGLEDG,FYIYDGLEDG,5I17_1
1.000,1.000,YNRGKVA,YNRGKVA,3IF1_1
0.364,0.292,YMYTEKTAYDY,WMPTDATGWMY,5LSP_1
1.000,1.000,YYYTFGGGTLSDR,YYYTFGGGTLSDR,1R24_1
0.400,0.317,VVDFYGWYENFYSDS,VEDFYTWLSVPILDT,2YMX_1
0.500,0.375,YPYMYAYPPGGSDG,ALYMSAYDGGTSDS,1ZAN_1
0.545,0.459,SYQSDRGYEFDVTNDLGIVWHD,SYDDYTGYEFDVYDGFYKVWHD,6CA7_1
0.333,0.309,SYFSYDGWWGDS,FALSVGMWYGDT,4KY1_1
0.500,0.368,YAMSSRGGYYDH,YIMRSWIGYLDE,5VL7_1
0.667,0.625,YGYDGDLDR,YGSDGKLDL,3EYQ_1
0.500,0.174,SGLD,SPGD,4J1U_3
1.000,1.000,YTTITTMADY,YTTITTMADY,4G6A_2
1.000,1.000,FYIYDGLEDG,FYIYDGLEDG,5I1C_1
1.000,1.000,DWPGFLAF,DWPGFLAF,1B2W_1
0.500,0.500,YYGGDYFWTE,FLFGDSFWTV,1LO0_1
0.571,0.364,VFYRSWD,VFYWRRD,2FGW_1
0.333,0.077,VYFTTLFTGSDT,HAFKTEGTGIAP,4XCY_6
0.500,0.273,YGLDLRSGDG,YLTDNPSGDL,2CMR_1
1.000,1.000,YGFYSPGYYKMDMRVSWDYY,YGFYSPGYYKMDMRVSWDYY,5WOB_4
0.500,0.300,YVGYYD,YVLRAD,4HXB_1
0.389,0.238,VNMYGYYSYEMFQPPDSG,YNMTAYYYYFRSEGYDSY,2OR9_1
0.667,0.660,YGRFLGMDA,YGTYYGMDA,2QR0_1
1.000,1.000,YFGYYDYYSDG,YFGYYDYYSDG,2Y06_1
0.800,0.759,YTTITTMADY,YYAITTMADY,6BZW_1
0.545,0.534,YMLVSNYAYDG,YMTTTLIAYDG,3RAJ_1
1.000,1.000,QFGYRIYGTDDDYVGSGFTWTDQI,QFGYRIYGTDDDYVGSGFTWTDQI,5ESZ_2
0.300,0.197,FPGYKMDMVWDYGYSYRSYY,FPMYYWNMYGDYAWGFWHMG,6CW2_1
0.842,0.821,IFGSYPPRHQFFVDVMGLS,IFGSYPSRHHFFVDVMGLD,5AWN_1
0.375,0.264,LYWGWGDF,HDWGKNQF,4JPI_2
0.385,0.342,YYAYMYTGYSRDG,YYPFMQLPIFNDG,5JUE_1
1.000,1.000,VWGGD,VWGGD,1XGR_1
0.036,-0.191,DNDYKVGEDGYWDYMVNFDGPYYAHHYI,EVPDSWEDKRACDGFKRCWSDRILEGLE,4ORG_2
1.000,1.000,YPPGYYLSEYHEYDMV,YPPGYYLSEYHEYDMV,5BK1_2
0.500,0.439,YSGDYYFYDS,VSGGYYSHPS,32C2_1
0.381,0.231,YYTRYYQAHGDVYYFMGNSAS,TYPRIDDGSVDVYYSMVKVAV,4OAW_1
0.444,0.311,YDSASDFAG,YRIASQVDG,6MEG_1
1.000,1.000,HYYDWTNCGKYDREFA,HYYDWTNCGKYDREFA,4OLX_1
1.000,1.000,YRYERDDL,YRYERDDL,1KIR_1
0.750,0.667,YGTT,YGGT,4OKV_1
0.556,0.356,SYSSDYLDA,YASVDNLDA,4LEX_1
1.000,1.000,YWDGD,YWDGD,2DQD_1
0.462,0.278,IDEVFGRRIRRDP,YDYYFIRRIEVDD,3IFP_1
0.583,0.476,SYFSYDGWWGDS,SMFSYAFYVGDS,5OTJ_1
0.500,0.404,YNGSRYLADN,YNNEGSLAAN,3MCL_1
0.615,0.550,YYANMGNSHGVDY,YYAGMYEGHGDDY,3Q3G_1
0.800,0.857,YFNGGNFWAL,YYNGGDFWAL,3S96_1
0.429,0.261,YFVGGGD,YFWGSFG,5CZV_1
0.538,0.494,VWYYFGWGDYLDY,VWYAFAQGTYPDQ,1QFW_2
0.385,0.107,VNRWFGDSSDWDP,LWFSFSDSSRADW,5L6Y_1
0.600,0.459,YPGGYYFWAT,YGGLKPFWAT,2VL5_1
0.375,0.333,IDYADYEYDTYGSDFD,VLVADGDYAYYGRDLS,6DB5_1
1.000,1.000,YFYDMGSWVDD,YFYDMGSWVDD,3L5X_1
1.000,1.000,HYGYMGHWGPIDY,HYGYMGHWGPIDY,3FO2_1
0.250,0.000,YAFD,LNFY,5V6M_1
1.000,1.000,YFGEGPV,YFGEGPV,5XCR_1
0.700,0.755,VVYGKGFYDR,VVFGTSFYDR,1LO4_1
0.500,0.474,VDWFDYYVSHRSDG,VDWFAYTLGTREDV,6A0X_1
0.400,0.318,YFGFYIYNGSYLVDV,YYDFYRYNNRADDDA,5KW9_1
1.000,1.000,YLGYYSAYDVQYSDFG,YLGYYSAYDVQYSDFG,4FQJ_1
0.200,0.219,YEYLD,HSYYG,1BBJ_1
0.500,0.389,YSYYDHSSDG,YEYGTILSDG,5WTT_1
0.938,0.946,HKPAGGITEGTGGAFW,YKPAGGITEGTGGAFW,4M8Q_2
1.000,1.000,VDYMYYPYEGGLVSDGR,VDYMYYPYEGGLVSDGR,4HK0_2
0.611,0.560,YAFYYSYTYFAVVSSDKD,YYFTYSWSYSAVVTIDKD,4XVJ_1
0.778,0.731,YTMQTTFAY,YTAQTTFAW,5CMA_1
0.286,0.000,VYDFWAFDYDYADS,VSWGHKSRIRYADI,6N7J_1
0.600,0.509,YYGLYDMADY,CLSLSDMADY,6BZU_1
0.300,0.034,YFYLLRLADY,SDYLLWAGGG,1NCW_1
0.364,0.190,YFYDDFYGVDD,YSYSYFMLHDK,2JB5_1
0.727,0.766,YMTGDYYAFDS,YMRGNYYAYDS,6H3T_1
0.615,0.515,YDAVMTHPPGADV,YDAPMTRPIVLDV,3IFO_1
0.667,0.658,YYFYDRDYRGDD,YHFYRRGYAGDD,4BZ2_1
0.400,0.226,VYFMGPYLEEFHTDG,VTSFWPYQGLFLTDA,5DD6_1
0.417,0.154,YAMGFRDPNDGY,VAMGPRRGNVDP,2PR4_1
0.667,0.645,YMPDAD,YMRSAD,2ORB_2
0.571,0.375,YFVGGGD,YFPGLLD,5W0K_1
0.833,0.771,HDFDCGKNWNQY,HDFYCGKYWNQY,4JDT_1
1.000,1.000,VGMYYHGNSYDY,VGMYYHGNSYDY,5WL2_1
1.000,1.000,YMGSYYD,YMGSYYD,1FLR_1
1.000,1.000,YWDGD,YWDGD,1IC4_1
0.385,0.194,VWYYFDAIFYGDA,FSSVFDDRFGSDA,5NYX_1
0.917,0.934,GMEFAVGTTHIDYVFWIYRFLYNR,GMEFAVGTTHIDYVFWIYRYLYKR,4NPY_1
0.417,0.385,YAMYRAYQYYDD,YTMLLEGLFYDD,1KFA_1
0.333,0.133,VEDFYTWLSVPILDT,VFHKYTYTMVADNDK,5WNA_1
0.545,0.433,YFGYSGYGSAN,YFNGSPYGYTN,4R97_1
1.000,1.000,YNSFYGYYRGPYYDN,YNSFYGYYRGPYYDN,6DEZ_1
1.000,1.000,YYARLLEALYPDP,YYARLLEALYPDP,6A78_2
0.500,0.411,YVAHYSLGDA,YKAFYGLTDG,5NIV_1
1.000,1.000,YRSGPLYYDG,YRSGPLYYDG,4JZN_1
0.500,0.593,YRWD,YEWA,5KQV_1
0.750,0.882,YYAEGWDF,FYSEGWDF,5F6H_1
1.000,1.000,YYAGWPHGSLTDY,YYAGWPHGSLTDY,4LVH_1
0.227,0.023,GGAIPPRNGLDVVPVATMRFRT,GPPNDPAFYVDYPPNEDGMTAT,6DB7_1
0.176,0.071,YYRFRSGYSYYSYSDGG,LFYFGGEHGDYFVDGVG,5M63_1
0.286,0.158,YFWGSFG,YAADPIG,4YPG_1
0.429,0.351,FLIYDGD,FYINSGS,6DWI_1
1.000,1.000,VFFFRVD,VFFFRVD,5VTA_1
0.400,0.216,ISAFVADREGPYGDT,YSVFYYRYEGNGGDD,3VG9_1
1.000,1.000,HPIFAGGTEGTKGAL,HPIFAGGTEGTKGAL,4XCN_6
1.000,1.000,FYIYDGLEDG,FYIYDGLEDG,4DN3_1
0.667,0.693,VPLMAWGGEASKDGF,YPVMAWGGEGAKGGF,6MTO_1
0.500,0.431,YAFYWGSSHADG,YYFYFGIYTTDG,3EO9_1
0.600,0.684,YSGDYYFYDS,YNGQLYFFDS,3VE0_1
0.714,0.658,YFGDYEA,YFGAYIA,5GS0_1
1.000,1.000,YWDGD,YWDGD,1J1X_1
0.200,-0.086,YNYGSKGFRHDPCNWVGAVY,VMQIVEGFVMDLYWANGLEL,6E4X_1
0.467,0.430,VYYMYGFSIYGYFDT,VYYLSDYDEYRYNDT,6IVZ_1
0.429,0.206,YFGGGTD,SSGLTTD,3FZU_1
0.455,0.351,YFARSGVWAAQ,YFAADNGTAAR,2V17_1
0.333,0.065,YAMMTRTVYRDG,IAFGTGTSERHL,5VOD_1
0.500,0.209,YRYERDDL,YIGERLDG,2JIX_1
0.455,0.246,YFGYSGYGSAN,YFRLSHLWSAA,4JZJ_1
1.000,1.000,FLEYDGD,FLEYDGD,5I1K_1
0.455,0.188,YFRLGGGPGAR,YFYNLDGWGAG,3NCY_1
0.636,0.477,YMRGNYYAYDS,YMRYNDGAYDG,4KUZ_1
0.500,0.515,YVEGEP,YIEGYV,5MYX_1
0.538,0.359,YDAKMGDGNGGDD,YGAYMYDRNDYDD,6GFF_1
0.571,0.519,VYHMPYGEAGNYDY,VYSMPYPKLEFYDY,5WKO_1
0.923,0.896,VWYSFYVVYYSDA,VWYSFYVVYYSDN,3BKY_1
1.000,1.000,FYIYDGLEDG,FYIYDGLEDG,5I16_1
1.000,1.000,INARFLGTRRLDT,INARFLGTRRLDT,4YBL_1
0.778,0.776,YTAQTTFAW,YTMQTTFAY,3FFD_1
0.455,0.290,IFYNGGYADVD,PFYGGRDGDHD,5WB9_1
0.700,0.645,YGDGTRFWAS,YGDRNYFWAS,4M43_1
0.462,0.306,YEAGMNDEGVYDN,YEAFMGADYGSDN,2ZCH_1
0.500,0.320,YGEHDIDF,IGEWGDDF,4P59_1
0.556,0.408,YVYFGNFAP,YGYEGIFAS,3I2C_1
1.000,1.000,FYIYDGLEDG,FYIYDGLEDG,5I15_1
1.000,1.000,SEPPYYTFKFQDYEGYGWGD,SEPPYYTFKFQDYEGYGWGD,5IQ7_1
0.600,0.393,YKSFD,YFSRD,5IHZ_2
0.700,0.594,YGYGDYGRAS,YGYEDYWRGS,3DGG_1
1.000,1.000,HLHAYTNVGLSDG,HLHAYTNVGLSDG,5F96_1
1.000,1.000,YMYTEKTAYDY,YMYTEKTAYDY,1AE6_1
0.667,0.640,YPFYYSPIAYTD,YWFYYAPITYAD,6BZY_1
0.500,0.344,YGRDWEFFDD,YEGLWFFFDL,5V2A_1
1.000,1.000,YMD,YMD,4WHT_1
1.000,1.000,YAMSSRGGYYDH,YAMSSRGGYYDH,4NKD_1
0.500,0.392,YTTITTMADY,YMTGVIMADQ,2GSI_2
0.545,0.500,CLSYQWRSGDS,YFSYHWRLGDG,5UBY_1
0.444,0.426,YDSKDPFPA,YDSASDFAG,4HC1_1
1.000,1.000,YRGQGP,YRGQGP,1FL3_1
0.500,0.282,YAMTTHGIVGDV,YAMTSWGHWPDS,2FJH_1
1.000,1.000,YPMD,YPMD,3C5S_2
0.545,0.424,YMYASSYAADY,YMYNSYSARDV,2VWE_1
0.500,0.344,YAMTSWGHWPDS,YAMTTHGIVGDV,6ORQ_1
1.000,1.000,HYYDWTNCGKYDREFA,HYYDWTNCGKYDREFA,4OLU_1
0.080,-0.245,EGYGFDVIGVLSDYSTYDEIYDHDT,YIDCPTEDGRFCDGMRRWVYVMEIE,4OCS_1
0.500,0.387,FSSAYYYFRGAGYDMS,NSSYYYFSRTFGYDFY,1ETZ_1
0.500,0.333,YGDGGYFGDR,YGLVPQFGAR,1Q72_1
1.000,1.000,YKFGYSEYYSDG,YKFGYSEYYSDG,1JFQ_1
0.316,0.064,PYYGRGDFPDVMGGTNVYR,IDSGTPGPYDVIGGPNDDY,1ZVO_1
0.286,0.000,HIGFLATEGTPKAG,VGNFDAEEWAFDHG,3GO1_1
1.000,1.000,PYYGRGDFPDVMGGTNVYR,PYYGRGDFPDVMGGTNVYR,5UEM_1
0.556,0.350,YYSLFGFDY,YNWEDGFDY,1C5D_1
1.000,1.000,YWAMD,YWAMD,5TDN_2
0.304,0.093,CKACDTPYIHDLVYDLYEGSYAS,PYQSPRGYGLDMVYYHYEGWAYQ,6CMG_1
0.364,0.185,YFSGWRYYYDP,YFSDNVYWTTL,6JMR_2
1.000,1.000,YYGG,YYGG,2DDQ_1
0.364,0.196,FHYYGPYSNDG,FIAGGVVENDT,4HFW_1
1.000,1.000,YYGGTSFYDD,YYGGTSFYDD,4YHL_1
0.375,0.189,YVSYGKGTDPLPLDFL,PQSWAWLADPAQLDFP,2XQB_1
1.000,1.000,YWDGD,YWDGD,3A67_1
0.385,0.151,IYASFSASYPSDS,IEAEFWAPQHVDL,5J13_1
1.000,1.000,YSFNGEDLSDG,YSFNGEDLSDG,1NCA_1
0.417,0.419,VYFIGHYYWYDS,VHFTGERYYHDP,6AD0_1
1.000,1.000,YFASRDSYLDS,YFASRDSYLDS,4HDI_1
0.600,0.470,YNYMATYTWGFERDV,YYYMATYTRETRGDV,6AL4_1
1.000,1.000,HDFDSGKNWNQY,HDFDSGKNWNQY,4JPK_1
0.571,0.614,YKDFDWN,YVDFNWA,1H3P_1
1.000,1.000,YDDYRYMDA,YDDYRYMDA,2GCY_1
1.000,1.000,STFGQQLYDMDY,STFGQQLYDMDY,3NAC_1
0.700,0.737,YYGEYYLGAV,HYGAYYLGVV,1L7T_1
0.833,0.632,YVGADA,YVGWDA,1Z3G_1
0.636,0.557,YMSGRNYAYDS,RMLGANYAYDY,5L0Q_1
1.000,1.000,YTFLYGFGAY,YTFLYGFGAY,3O41_1
1.000,1.000,KAIAELSELNLDVLA,KAIAELSELNLDVLA,5USL_1
0.800,0.703,YGYGDYFWAA,YGYGYGFWAA,2CJU_1
1.000,1.000,YSMDLRFYDD,YSMDLRFYDD,6H5N_1
0.538,0.569,YYYYFYGGYSTDG,VYDFFYTSYSSDG,4KI5_2
1.000,1.000,SEPPYYTFKFQDYEGYGWGD,SEPPYYTFKFQDYEGYGWGD,5TFW_1
0.533,0.563,VYYMGAYADRAHLDG,VYFMGPYLEEFHTDG,6CYF_1
0.600,0.571,YKSFD,YKGFA,2OZ4_1
0.333,0.250,YYVLGYFDG,DYDSGFNEG,3BSZ_1
1.000,1.000,YGYYGHSDYDF,YGYYGHSDYDF,1D5B_1
1.000,1.000,YWDGD,YWDGD,2DQF_1
0.750,0.826,YGFG,YGFA,3UJT_1
0.538,0.378,YYRDFYYLKTSDG,YYYLFYELSGSDY,6R8X_1
0.308,0.232,IKGYFDDNGEGDV,LKGLVDWFGLSEL,2YK1_1
0.842,0.837,IFGSYPSRHHFFVDVMGLD,IFGSYPPRHQFFVDVMGLS,5CCK_1
0.615,0.487,VVGGMYDKYAEDN,VYGGMYDIQYYDN,3GIZ_1
1.000,1.000,YVITVIEEHGGRF,YVITVIEEHGGRF,5GJS_1
0.462,0.282,YEAGMNDEGVYDN,LWYGFPDYGDYDN,6MHR_1
1.000,1.000,YLGYYSAYDVQYSDFG,YLGYYSAYDVQYSDFG,4FQK_1
0.364,0.169,YFYDDFYGVDD,YPFIDQAVVDG,6DKJ_1
0.625,0.531,FYYDYGDF,FYYRDDDF,1A6T_1
0.400,0.318,GSYNDYEMTDDVGYSYGSYH,YSSSSYYMSYDYAYSYSYYS,1ZA3_1
1.000,1.000,YGDGLDFWAA,YGDGLDFWAA,1CLY_1
1.000,1.000,YYFGDGV,YYFGDGV,1P2C_1
1.000,1.000,VFYCDYYLQCHEDTALGGHFTGGTV,VFYCDYYLQCHEDTALGGHFTGGTV,6QN8_1
0.467,0.228,VGPMYGYIDRGRRDA,VPVMATNPRRGGRDA,3D0L_1
0.600,0.576,YGDGHYFYDS,YGDAKWFYDH,6FLC_1
1.000,1.000,YRSGPLYYDG,YRSGPLYYDG,4JZO_1
0.625,0.568,YSYYDGDF,YSGYDSDS,4ONG_1
0.318,0.221,IYLRGGDYLWDVYYGGRMRNVP,SYLSLKDNASDAHYGRTLGNLV,4OT1_1
0.400,0.296,YYRFN,YVRRG,5TIH_1
1.000,1.000,YTY,YTY,5YY5_2
0.455,0.230,YLWFSRQGSDY,YLAGSSPGYDD,6O3B_1
0.700,0.650,VYSNYGFYDG,VYNVYGFYDP,3I50_1
0.600,0.455,YTGKDYFVVE,YYGGDYFWTE,3J1S_1
0.500,0.356,YRFGSGMVDW,LRLTWLMVDW,3U30_1
0.278,0.063,SDFYNYYSSIGGWVYDPL,PCFYWGRSRCSGFADDSD,6BLI_1
1.000,1.000,SNRSDGMDD,SNRSDGMDD,6BJZ_1
0.625,0.667,LYWGWGDF,VYWNRGDF,3AB0_1
0.467,0.482,YYNMPYYYSPHTTDG,YYILAYYYRRVNSDG,5EN2_1
0.455,0.273,YFYYGAFGYAG,SFSDRAFGVAD,1EJO_1
1.000,1.000,YMPYWGNAYDH,YMPYWGNAYDH,3J42_1
0.667,0.590,VYYMGAYAVRGGTDA,VYYMGAYADRAHLDG,5WI9_1
0.500,0.273,YVEGEP,NVEGGN,4D9Q_1
0.286,0.125,FYYIGRDGAGDVYYGMSRYYT,SDHDDTGFEFDVYYGRYVWYD,6CA9_1
1.000,1.000,YTTMRIFWAD,YTTMRIFWAD,4M7J_1
1.000,1.000,YYAGWPHGSLTDY,YYAGWPHGSLTDY,4UV7_1
0.870,0.921,RDGNCCGNSGEFHFCYWCDKRAG,RDGNCCGNSGQFHFCHWCDRRAG,4XMP_1
0.500,0.508,LFDERSFDDW,IYDRHSFDDC,5I9Q_1
1.000,1.000,YGVELLLIVDDS,YGVELLLIVDDS,5BK5_1
0.947,0.961,VLSGLYYDYSYDRSGFDYA,VLSGLYYDYSYDRSSFDYA,4LRI_2
1.000,1.000,YYYLVVDLDFHNDY,YYYLVVDLDFHNDY,1Y0L_1
1.000,1.000,YRGQGP,YRGQGP,1UB5_1
1.000,1.000,PWFSPVGRGGDK,PWFSPVGRGGDK,6GK8_1
1.000,1.000,YRYERDDL,YRYERDDL,1FDL_1
0.714,0.641,YFGDYEA,YFGDSGA,2XKN_1
1.000,1.000,YGFGEYCRFPSVTGCDGY,YGFGEYCRFPSVTGCDGY,6MEF_1
0.364,0.173,IYLRGGDYLWDVYYGGRMRNVP,GYDGFGTYQIDVYYVYKMQYYR,4FQQ_2
0.571,0.571,YFWSEDA,YFWVTTA,5MO9_1
0.500,0.408,YYFGYSVYYSDG,YEFGGDPYSKDG,1R70_1
1.000,1.000,YGVELLLIVDDS,YGVELLLIVDDS,5BK5_2
0.571,0.535,YMAWGYD,YMQWVRD,2NR6_1
0.600,0.424,YGGLKPFWAT,YPGGYYFWAT,3OZ9_1
1.000,1.000,YTFLYGFGAY,YTFLYGFGAY,3QRG_1
1.000,1.000,YGDGLDFWAA,YGDGLDFWAA,1CLZ_1
0.889,0.873,HDFSNYYSSIGGWYYDPL,HDFSNYYSSIGAWYYDPD,5TPP_1
0.833,0.821,HDFSNYYSSIGGWYYDPL,SDFYNYYSSIGGWVYDPL,5TPL_1
0.294,0.230,YSSFYYYGRLGGDYDYY,LELFYQTLLADGSFDIY,4YDV_1
0.750,0.711,YAYVDGDM,YAYDSGDM,1UJ3_1
0.962,0.950,NHYDYYGEYGYYDYVGDGYPNARMFD,NHYDNYGEYGYYDYVGDGYPNARMFD,3U2S_1
0.333,0.283,VEDFYTWLSVPILDT,LADFHCWDDARCLDL,4V1D_1
1.000,1.000,YWDGD,YWDGD,1J1P_1
0.714,0.650,YGYYGNA,YRYEGNA,5TKK_1
1.000,1.000,SWQVLRLDAGADD,SWQVLRLDAGADD,6DCV_1
0.714,0.650,YYDDGND,YMDLGND,5KVE_1
0.417,0.254,VYFGYRGGGRDI,VYFTTLFTGSDT,4YR6_1
0.235,-0.010,IGYFVTYFYGRDGSDAD,DGNFVPDYYHTLYLAWT,1IKF_1
1.000,1.000,YWDGD,YWDGD,3A6C_1
0.417,0.260,YDFGGRGYESDY,ITFWGVGSYPDY,2VXV_1
0.500,0.460,YASWWSDM,YFDWISDF,4Z5R_1
1.000,1.000,YYARLLEALYPDP,YYARLLEALYPDP,6A76_1
0.714,0.571,YMGSYYD,YGGSDYD,2E27_1
1.000,1.000,YVAHYSLGDA,YVAHYSLGDA,5UOE_1
0.538,0.405,YYAYMRGGYYPDD,YGAYLRHLYGVDD,6N4Q_1
0.667,0.647,YMVYAD,FMGYAD,5T1D_1
0.556,0.404,YAGGYYMDA,YAGGNYFAW,3TT3_1
1.000,1.000,YSNWGGA,YSNWGGA,1JHK_1
1.000,1.000,SNRSDGMDD,SNRSDGMDD,1I9R_1
1.000,1.000,YLYYGLYSSDE,YLYYGLYSSDE,5JQD_1
0.417,0.225,YYFYAGGDYYDN,YSFDAVGPDWDV,5WK2_1
0.385,0.222,VDGGLVDPIRTDH,VDGDMDLGPLTDY,2J6E_1
0.312,0.132,VSYGFFSYGDYGSDMD,VIIASFNVGITLLDMG,6NZ7_1
1.000,1.000,DWPGFLAF,DWPGFLAF,1B4J_1
0.500,0.391,YGMD,YQMG,3U0W_1
0.929,0.885,HIGFGATEGTPKAG,HIGFPATEGTPKAG,5X08_1
0.500,0.345,YGTRGLFLAA,YATEGHFPDA,1BFO_1
0.750,0.742,YYFVTRVTYEDA,YYFVRRLGYEDA,6GV4_1
0.429,0.203,YGSFGFELGFSYDD,YGFFGPMALESRDH,6BLA_1
0.417,0.215,YYFGYSVYYSDG,FGFYYSRDSSAG,1OSP_1
1.000,1.000,YGPRHWFDG,YGPRHWFDG,5X8L_1
1.000,1.000,HDFDCGKNWNEY,HDFDCGKNWNEY,4LSS_1
1.000,1.000,LFDERSFDDW,LFDERSFDDW,5FEC_1
1.000,1.000,HYGYMGHWGPIDY,HYGYMGHWGPIDY,3FO1_1
1.000,1.000,YFGFYIYNGSYLVDV,YFGFYIYNGSYLVDV,5UKN_1
0.625,0.551,YSYYDGDF,YRYDDGGF,4OII_1
0.714,0.667,YGYYGNA,YGHYGYA,1T66_1
0.438,0.167,VSCVRCSYERGTSDMS,VSYGFFSYGDYGSDMD,6B0A_1
0.312,0.198,PGHGLDYFDRGTLDLL,YGLNTDYYTVYTLHFI,4FZE_1
0.600,0.467,YYYGNGLADD,YRYGRWLADR,4XTR_1
0.222,-0.071,PGVNLSHYCKDLLGGDLC,SHFYWHLDGYDDSGGDNG,5DUP_1
1.000,1.000,YFGYMWYYYDT,YFGYMWYYYDT,1OAX_1
1.000,1.000,YFYLRGD,YFYLRGD,1MRC_1
0.400,0.292,VEDFYTWLSVPILDT,VVDFYGWYENFYSDS,5VLP_1
0.333,0.233,DYFPYTGKEEQG,HYFWFDPSEAQA,5VAG_1
1.000,1.000,YMTSGYSAYDS,YMTSGYSAYDS,4JFX_1
0.571,0.462,YSYMSPYEGASSDG,YYGMYAYEGSSSDD,4QWW_1
0.833,0.842,YVGWDA,YVNWDA,3D85_1
0.375,0.149,VGYGYRYDVVAFGDME,HGNAYRYYHPFGDDMY,1OPG_1
1.000,1.000,YVAHYSLGDA,YVAHYSLGDA,6B70_1
0.900,0.897,YYFKHYVGVD,YYSKHYVGVD,1MH5_1
1.000,1.000,YWWLAHVYQPSSYDM,YWWLAHVYQPSSYDM,3EFF_1
0.600,0.491,YLDSRTFYDY,YLDDRDFPDS,5GZO_1
1.000,1.000,YFGYSGYGSAN,YFGYSGYGSAN,5W06_1
1.000,1.000,SPYYGPSFNYDIAGSYPDYY,SPYYGPSFNYDIAGSYPDYY,4IMK_1
0.625,0.659,YLGDGSDL,LAGDGTDL,6R2S_1
1.000,1.000,SEPPYYTFKFQDYEGYGWGD,SEPPYYTFKFQDYEGYGWGD,5T29_1
0.500,0.315,VDWFDYYVSHRSDG,VKWFWYSHSNPSDF,6MTT_1
1.000,1.000,FYIYDGLEDG,FYIYDGLEDG,5I18_1
1.000,1.000,YDWVFNRAHGLAV,YDWVFNRAHGLAV,2IQ9_1
1.000,1.000,YVWYFYDSDRSAG,YVWYFYDSDRSAG,6N5E_1
0.267,0.012,VYYLSDYDEYRYNDT,PGDLRAYPGPVYFDV,1U6A_1
1.000,1.000,GMEFSVGAYRIDYVFFVYQYRYGR,GMEFSVGAYRIDYVFFVYQYRYGR,4R26_1
1.000,1.000,NAFQFGLPRNVDL,NAFQFGLPRNVDL,4QHM_1
0.600,0.397,VYRSNYFYDD,VYGYYYFYDW,1AY1_1
1.000,1.000,YDWTFTRAHGLAV,YDWTFTRAHGLAV,2R0Z_1
0.385,0.212,YNARMLHKGTGDG,YHADMYDAGTPHY,5B71_1
0.800,0.763,YWDGD,YWHGD,1GPO_1
1.000,1.000,GGNDYGVEDKHLFEEYENA,GGNDYGVEDKHLFEEYENA,1GC1_1
0.958,0.953,GMEFSVGAYRIDYVFFVYQYRYGR,GMEFSVGAYRIDSVFFVYQYRYGR,4FQ2_1
0.938,0.920,HKPAGGITEGTGGAFW,HKPAGGITEGTGGAFS,5CIN_1
0.250,0.146,HYYDWTNCGKYDRQFA,HCKVWEGCTADPDPFR,4S1S_1
0.417,0.284,YYFGAILGWGDR,YLFNLDQGSGDY,4LMQ_1
1.000,1.000,YDWVFNRAHGLAV,YDWVFNRAHGLAV,2R0W_1
0.455,0.391,YFNGHEDYNDW,FFGVKEDYWDY,5HDQ_1
0.500,0.514,YAFYWGSSHADG,YAFFWEGGLEDG,5X8M_1
0.333,0.197,ITSFAYYDKQGRDDY,IVVFASGEDLGGNDE,4ODH_1
0.500,0.297,YAMSYSSPARDM,YAMSGSAYFGDE,6D9G_1
0.500,0.400,YGDGGYFGDR,YGGYGYFRSD,43C9_1
0.400,0.281,HRDSGYFWAT,PPKSGGFWSH,4RNR_1
0.625,0.596,VYWNRGDF,LYWGWGDF,5TFS_1
1.000,1.000,VYYMYGFSIYGYFDT,VYYMYGFSIYGYFDT,5JRP_1
0.462,0.355,YGGYFSSGGDYDR,YTGIFSSSGAIAV,3MCK_1
0.857,0.800,YMGNYYD,YMGYYYD,5TH9_1
1.000,1.000,VGDGFGFYDG,VGDGFGFYDG,1MHP_1
0.312,0.044,YLGYYSAYDVQYSDFG,YLLGEWFLDRLEGDFF,6II8_1
1.000,1.000,YFDYRETGKAE,YFDYRETGKAE,5XCU_1
0.545,0.457,YLGYGDYSNDS,FHYYGPYSNDG,6B3M_1
0.538,0.352,VWYYFDAIFYGDA,VWYYFGWGDYLDY,6H3U_1
0.556,0.348,YSGDETFAW,YSLREVFAP,5KN5_1
0.400,0.164,IGWRRNFADN,ITAQVGFADW,5MES_1
0.600,0.481,YGDRNYFWAS,YGYSAYFTAS,5KEN_3
0.500,0.413,YGYTWYDF,YTGTYSDF,6C6X_1
0.500,0.250,YGFG,DGNG,1NSN_1
0.750,0.740,VYFYGLYYWYDG,VYFIGHYYWYDS,5MHR_1
0.615,0.579,YYAGMYEGHGDDY,YYANMGNSHGVDY,5NMV_1
1.000,1.000,YKTSYSMADL,YKTSYSMADL,6AZ2_1
0.462,0.310,YYVYLYSSIDKDG,VGYYLYPSISADY,4QNP_1
1.000,1.000,INARFLGTRRLDT,INARFLGTRRLDT,3TNM_1
0.467,0.397,VGPMYGYIDRGRRDA,SGSFYVYADRVKGDA,4Y5X_1
0.316,0.154,VMSGYYYYTYGVRSGYDYN,YMWAYESYEYAQSSSEDGI,4NNP_1
0.944,0.931,HLFGAIPGKTEGTWGAGW,HLFGAIPGKTEGTWGAGA,3LH2_3
0.500,0.425,YYFYFGIYTTDG,YAFYWGSSHADG,6OTC_1
1.000,1.000,YYGG,YYGG,5CP3_1
1.000,1.000,YMYTEKTAYDY,YMYTEKTAYDY,1AD9_1
0.400,0.264,YDYVGEFWAA,YIMVGVFTPT,3QPQ_1
0.429,0.319,IGDFSASVRDYYDD,IPDFAARVLSMGDS,4DAG_1
0.600,0.655,YSGDYYFYDS,FSSDGYFFDS,6AXL_1
0.636,0.533,RMLGANYAYDY,YMLVSNYAYDG,6CXY_1
0.667,0.579,YMD,YND,5ZXV_1
0.556,0.521,VQRFLLFDY,VQEVMGFDY,2JEL_1
0.312,0.060,VIIASFNVGITLLDMG,NPPYSFWVPGPFIDFG,4KVN_1
0.350,0.217,LYYYYSEMSDDVYYEYFHDT,SYDPSYSMNSDVHYYYSGDG,6E56_1
0.778,0.784,YYYDRGMDA,IYYDRGFDA,3WSQ_1
0.625,0.565,YSFSARDF,YGFSHRDL,3E8U_1
0.375,0.290,YKASYYYPPGSDYAME,YTGPYYYYGGNWLALN,3LMJ_1
0.467,0.494,YPVMAWGGEGAKGGF,HPIFAGGTEGTKGAL,3LHP_1
0.417,0.197,IAFDYPHYDLDS,IAFYASVGDNDA,5OCC_1
1.000,1.000,YFGYYDYYSDG,YFGYYDYYSDG,2XZQ_1
1.000,1.000,YTTITTMADY,YTTITTMADY,4GAJ_1
0.462,0.321,YVWYFYDSDRSAG,YTWDFYPSYVDAY,3J8W_1
1.000,1.000,YDYLYADDPAYNDG,YDYLYADDPAYNDG,1OAK_1
1.000,1.000,YWWLAHVYQPSSYDM,YWWLAHVYQPSSYDM,3PJS_1
0.800,0.806,YYYSPYWNDG,VYYFPYWNDG,5N7W_1
0.556,0.462,YGPRHWFDG,YGARVCMDG,2HFF_1
1.000,1.000,YFGSWEP,YFGSWEP,3HC0_1
0.583,0.589,YYFGYSVYYSDG,YYFDYSDYHTDS,5FB8_1
0.357,0.212,YNALGPILRMKDDF,RKYMGPFGAMFDDN,1SEQ_1
1.000,1.000,YSRGDGHCCTAT,YSRGDGHCCTAT,5V7U_1
0.538,0.380,YQAMMTGVIYGDM,YGAYMYKVIRGDQ,1DVF_1
0.556,0.519,YVYGRGFAW,YTDGARFAW,1FSK_1
0.700,0.508,YYDPLYMADY,YYYYLPMADY,6CNJ_1
0.789,0.857,VVTGRYYTSHSRWDIWDDG,VVSARYYSSHSRWDFWDDG,6MTR_1
0.714,0.727,YMGYYYD,YFGQYYD,5T6P_1
1.000,1.000,YFASRDSYLDS,YFASRDSYLDS,2H1P_1
0.333,0.059,YFGGWD,PFETKD,5N4G_1
0.667,0.743,YWFYYAPITYAD,YWFYYPPVASAD,5O4G_1
0.545,0.485,YFYYALTEYAD,YFYYGAFGYAG,5H35_1
1.000,1.000,YRYERDDL,YRYERDDL,1G7I_1
0.625,0.583,YNTHDGDF,YGEHDIDF,4QXG_1
0.438,0.409,IDYADYEYDTYGSDFD,LGYVGYYYDDGSRDFD,5DRZ_1
1.000,1.000,VYFSYNRDWNDN,VYFSYNRDWNDN,1IQW_1
0.714,0.605,YRYEGNA,YGYYGNA,4OCX_1
0.333,0.137,YYGGIPMDA,YVMGNTMPN,1PKQ_1
0.667,0.662,LHFGSEFHWGDL,LHFGRNFVWGDF,4YHZ_1
1.000,1.000,YRGQGP,YRGQGP,3CFB_1
1.000,1.000,YEGYI,YEGYI,1GGI_1
0.667,0.587,YFYGVDMDA,YMTGVIMDA,2GSI_3
0.625,0.431,YAYDGSDM,YADDNWDM,3HR5_1
1.000,1.000,VYHMPYGEAGNYDY,VYHMPYGEAGNYDY,3LRS_1
0.250,-0.063,YYFLGSGVGFDH,YKRLWSLTRRSL,1C12_1
0.750,0.739,YHFD,YAFD,2Y6S_1
0.667,0.547,YYRDGYFDY,YYVLGYFDG,2XQY_1
1.000,1.000,HYGYMGHWGPIDY,HYGYMGHWGPIDY,3FO0_1
0.462,0.278,YYYYFYGGYSTDG,YDYAFSGIAPTFG,5XMH_1
0.250,0.077,GGRYYYVFFGDSYNYHTSAE,DGRLLDYFEYDYTEWMTFGR,6MAM_1
0.889,0.824,YDGEGRIDS,YDGEGPIDS,4TSA_1
0.667,0.648,YYYPNYMDA,YYYDNPLDA,2ADF_1
0.500,0.295,YYFVTDPLGGDS,SYFSYDGWWGDS,5TGB_1
1.000,1.000,YSPNLGFYDF,YSPNLGFYDF,1L7I_1
0.417,0.317,YYFVTDPLGGDS,YYWTDPPHHGNS,1DN0_1
1.000,1.000,VDMRGMRVDAITFDVV,VDMRGMRVDAITFDVV,4N9G_1
0.455,0.295,YLKYRSGAYDY,VLKGAGGYDDY,5T33_1
0.625,0.646,YWAYEGAF,YWAGDSAF,6DCA_1
1.000,1.000,PLSGIRGWNDS,PLSGIRGWNDS,5OCK_1
0.333,0.188,CYGIVCDGGPDVYYFMNRTYS,PSYSVSQGDSDVYHEMGQGYY,4HF5_1
0.400,0.190,YNNEGSLAAN,YYNLDWLPRN,2XWT_1
0.500,0.395,STFGQQLYDMDY,PWFGSVQYDYDY,4WUU_1
0.700,0.603,YYEDPLMGDY,YYDWVLMGDY,1Q0X_1
0.625,0.380,YAYVDGDM,YAGQWGDM,4LQF_1
0.500,0.389,YYFVRRLGYEDA,YYFGAILGWGDR,4OD2_1
0.889,0.852,YFYGVDMDA,YFYGYDMDA,1ORS_1
0.500,0.362,VYYGGLMGDY,VAAGGAMVDA,5EA0_1
1.000,1.000,YDGTGRLWTA,YDGTGRLWTA,5EOC_2
0.429,0.167,YMAWGYD,VMADQND,5IFH_1
1.000,1.000,GMEFSVGAYRIDYVFFVYQYRYGR,GMEFSVGAYRIDYVFFVYQYRYGR,5CEY_2
1.000,1.000,YYTRYYQAHGDVYYFMGNSAS,YYTRYYQAHGDVYYFMGNSAS,4NRX_2
0.625,0.553,YSGYDSDS,YLPYDSDG,1I7Z_1
0.333,0.164,TYPRIDDGSVDVYYSMVKVAV,GYSYSDDIREDVNYTMFSPHS,5UWE_1
0.333,0.167,YGYWGYSDS,YTYSNKSVG,5XQW_1
0.750,0.635,YAYWGSDM,YASWWSDM,3N85_1
0.556,0.296,YSLREVFAP,YSGDETFAW,4C83_1
0.333,0.107,AYIVGGTGLVDVYYPMDRQGI,GTWEVGTYHIDVYYIMRLYFR,4NPY_2
0.333,0.211,VLQLTD,IDWFTD,5DR5_1
1.000,1.000,HYYDWTNCGKYDREFA,HYYDWTNCGKYDREFA,4OM1_1
1.000,1.000,VFYCDYYLQCHEDTALGGHFTGGTV,VFYCDYYLQCHEDTALGGHFTGGTV,6QNA_1
0.357,0.176,VYSMPYPKLEFYDY,VSKMYVPGELMRDY,2QQN_1
0.286,0.200,YFGEGPV,SLGEDDA,4KI5_1
0.353,0.229,YSSLYYYGRLGGDHDYY,LGFLWYYLNLLNSSDYD,6FY3_1
1.000,1.000,HSRMISPAAEAHSDFD,HSRMISPAAEAHSDFD,4YFL_1
0.333,0.194,LWAIPHHHFDVFVDRMGV,GAVIPPRGLDVMVTRFNT,3BQU_1
0.357,0.293,YEGFGYRLKRGSDF,YNALGPILRMKDDF,5IT2_1
0.667,0.605,YTAQTTFAW,YTAATTLAE,2W60_1
0.538,0.391,YGAYMYKVIRGDQ,YQAMMTGVIYGDM,2GSI_1
1.000,1.000,YRYERDDL,YRYERDDL,1G7L_1
0.455,0.233,VFSGNYYYWDT,VFSPMDVYRDF,6GFE_1
0.700,0.638,VNFDMIFYDF,VNTSMIFYDW,2HWZ_1
1.000,1.000,PAGWTDRGDPGPSDFS,PAGWTDRGDPGPSDFS,6AZM_1
0.231,-0.033,NHYDYYGEYGYYDYVGDGYPNARMFD,RSGWRDEMYQGPDYVNRLYSYFPMSG,4NUG_1
0.600,0.593,YSGSYYVYDS,YHGSIYLVDS,4K23_1
0.923,0.961,VYAGMYQNHYYDA,VYAGMYQNHYYDS,4NRY_2
0.500,0.200,SPGD,SGLD,1FJ1_1
0.636,0.578,RMLGANYAYDY,NMDGMRYAYDY,1RJL_1
0.846,0.864,YYYYFWGGYSTDA,YYYYFYGGYSTDG,4EDX_1
0.364,0.054,PFTVTPTWDDG,LFYVTLRDRDV,3QHZ_1
0.944,0.869,VAMGYYFSHDRSYYGDSS,VWMGYYFSHDRSYYGDSS,2A9M_1
0.333,0.230,YAFYWGSSHADG,YWSDWGASGRGA,4NM4_1
0.500,0.371,YYGFDGTDGPGSGS,YWGGYGPGNPGSDS,1DQL_1
0.333,0.214,LSEFSTDGQGTVGDT,HSSYYQGGVGEDGDV,6D0X_1
0.944,0.945,YDFSNYGSSIGGWYYDPL,YDFSNYGGSIGGWYYDPL,5U0R_1
0.545,0.500,YFDYRETGKAE,YFGGREDGEAD,1QGC_1
0.600,0.526,YPRSPVFYDY,YLDSRTFYDY,1KB5_1
0.727,0.682,YFGYSGYGSAN,YFGYSDYGYAD,5TL5_1
1.000,1.000,YRLAERFTDR,YRLAERFTDR,1A4K_1
1.000,1.000,HKPAGGITEGTGLAFW,HKPAGGITEGTGLAFW,3H3P_1
1.000,1.000,YWDGD,YWDGD,2DQC_1
1.000,1.000,YGYGDYGRAS,YGYGDYGRAS,2GFB_1
0.417,0.192,YAFFWEGGLEDG,YHFWQERRGEDL,6I8S_1
1.000,1.000,FYIYDGLEDG,FYIYDGLEDG,5I1L_1
0.611,0.577,YYFTYSWSYSAVVTIDKD,YAFYYSYTYFAVVSSDKD,5FGC_1
0.500,0.361,YFGRFD,VFHDFD,2AI0_1
0.625,0.591,YAYGYSDM,YANAYRDM,3ZKM_1
0.750,0.870,YGMD,YGME,4TRP_1
1.000,1.000,YFYYALTEYAD,YFYYALTEYAD,6ARP_1
1.000,1.000,YTGVDYYDN,YTGVDYYDN,2AEQ_1
0.600,0.492,YTGRDYFYDY,YAWRGYFDDY,2V7H_1
0.538,0.403,YGGYFSSGGDYDR,YYGTMSSRGFYDS,5XBM_1
0.300,0.060,YRDGNYFWAA,NRVEETFSGA,2UYL_1
0.917,0.912,VYFGYRGGGRDS,VYFGYRGGGRDI,4NJA_1
0.500,0.373,YNSSGSDF,YDDSTWDF,2PCP_1
1.000,1.000,IDEVFGRRIRRDP,IDEVFGRRIRRDP,4OGY_1
0.133,-0.057,VYYMGSYSEGSDGDS,HGDWHCFSKGPCHQP,4XNZ_1
1.000,1.000,YMLFFVFAYDP,YMLFFVFAYDP,2FJF_1
1.000,1.000,YKFGYSEYYSDG,YKFGYSEYYSDG,6FAB_1
0.308,0.219,FGGMNTMRRFADI,LGELFVHRRFWQL,5USH_1
0.353,0.247,VDYMYYPYHAGLTTDGT,VDFMHYFIDRRSVTDYE,4YK4_1
0.316,0.235,VLSGLYYDYSYDRSGFDYA,SLVGVSSTTIFDPGGFDWI,6EAY_1
0.846,0.843,YYYYFYGGYSTDG,YYYYFWGGYSTDA,4EDW_1
0.615,0.521,VYGGMYDIQYYDN,VVGGMYDKYAEDN,5I8C_1
0.500,0.307,VYFGYRGGGRDS,VYFGDWRGAYDY,5LQB_1
0.357,0.200,YDYLIAVIKSGTDT,YVHLSARLTWGRDY,5CWS_1
0.455,0.359,YLAGSSPGYDD,FPGFVSDGYDD,2FL5_1
1.000,1.000,SSYNRGMADY,SSYNRGMADY,2D03_1
0.278,0.053,YLFGAIPGKTEGTWGAGS,YSFGDCSQGHEGGCYDYG,6C6Z_1
0.583,0.549,YWFYTRWYDGAD,YWFVNRAHDGAL,2IQA_1
0.400,0.226,YTFLYGFGAY,YTVLPMFSDM,5XWD_1
1.000,1.000,YMGDWGGAYDF,YMGDWGGAYDF,6BGT_1
0.333,0.224,YNMTAYYYYFRSEGYDSY,YLVTPYYITFFGSITDNT,5TUD_1
1.000,1.000,HYYDWTNCGKYDRQFA,HYYDWTNCGKYDRQFA,4JDV_1
1.000,1.000,NTYFHPVLLETAESDYV,NTYFHPVLLETAESDYV,5UDD_6
1.000,1.000,NSSLTQDNAH,NSSLTQDNAH,3ZL4_1
1.000,1.000,SSYNRGMADY,SSYNRGMADY,1T2Q_1
0.333,-0.129,YFGTWA,NDLTNA,5ADO_1
1.000,1.000,YFYYALTEYAD,YFYYALTEYAD,5GZ0_1
0.273,-0.031,NMDGMRYAYDY,VDDKSRTWDFY,5CD3_1
0.556,0.321,YYARAGFDY,YGWRAGGDM,4O9H_1
1.000,1.000,VYYMYGFSIYGYFDT,VYYMYGFSIYGYFDT,5WEQ_1
1.000,1.000,YWDGD,YWDGD,1J1O_1
1.000,1.000,YRYERDDL,YRYERDDL,1A7Q_1
0.600,0.411,YGDGTRFWAS,YGDTTVFDAY,2I9L_1
0.556,0.411,YYYPNYMDA,YYYYYSMDD,1A3R_1
1.000,1.000,IINFVAGHGRVEDR,IINFVAGHGRVEDR,6FY1_2
0.500,0.311,YWGGTSFYDD,ILGGFWFGDD,6IUT_1
0.471,0.344,VEYMYYPYHAGLTTDGT,VNYMYYAYIDRGGGDGA,5YOY_1
1.000,1.000,YFGFYIYNGSYLVDV,YFGFYIYNGSYLVDV,5UKO_1
1.000,1.000,VFVFRDDF,VFVFRDDF,4FFW_1
0.375,0.205,PQSWAWLADPAQLDFP,YVSYGKGTDPLPLDFL,5Y2K_1
1.000,1.000,YRLDRGFYDF,YRLDRGFYDF,1CLO_1
0.438,0.359,YGTVYEYISGGDYDMR,YKASYYYPPGSDYAME,3RA7_1
0.700,0.684,YSGDYYFYDS,YSGDYYFSAG,4IJ3_1
0.357,0.275,YDYLIAVIKSGTDT,FYYFIFDLNYGTDL,6A4K_1
0.400,0.322,FGFFYGWGDLYLPDY,KTAFYGYSHVRDPDY,4M5Y_1
0.556,0.635,HLFGAIPGKTEGTWGAGW,VFLAAVPGKEEGAWGGGW,6MTQ_1
0.900,0.839,YSYRRSFYDN,YSDRRSFYDN,4JJ5_1
0.357,0.368,LGWFTYYQKFQGDG,LGYFSYMDGVEVNG,6CEZ_1
0.750,0.732,VGMHNSRGYYDY,VGMDGDRGYYDY,4N90_1
0.615,0.635,VGYGCYTYYYSDS,YGVGLYLYYYSDT,1FBI_1
0.778,0.735,YDGEGRIDS,YDGEGRFVS,4TSB_1
0.857,0.821,FLEYDGD,FLIYDGD,5I1J_1
0.500,0.354,YAYDSGDM,YCKFSGDR,5IHZ_1
0.875,0.892,SFEEWGMHVSVDAVLDAGQDMPRQ,GFAEWGMHVSVDAVLDSGQDMPRQ,5UMN_1
1.000,1.000,YD,YD,5YE4_1
0.312,0.129,NSSYYYFSRTFGYDFY,FFSYDEMSGDFPEHFF,5E8E_1
0.875,0.778,YAYWGSDM,YAYDGSDM,1FL5_1
1.000,1.000,HYYDWTNCGKYDREFA,HYYDWTNCGKYDREFA,4JKP_1
0.800,0.839,YSGDYYFYDS,YSGSYYVYDS,1EAP_1
1.000,1.000,LVRFSDVTLRYDDG,LVRFSDVTLRYDDG,3QHF_1
0.357,0.273,VYYMPGSDRYHGDT,VPFMVGFKFHSGDS,5GGT_1
0.778,0.717,YGVETVFDS,YDVVTVFDS,6BPE_1
1.000,1.000,DYFYKVGEGGHWDNVDNDYPYMAHYDI,DYFYKVGEGGHWDNVDNDYPYMAHYDI,4DQO_1
0.700,0.603,YGDRNYFWAS,YGTRWYFWAD,5YFI_1
1.000,1.000,YFGAGRP,YFGAGRP,3G5Y_1
0.538,0.390,YYYYFYGGYSTDG,YCHSFCLGYSGDG,6APC_1
1.000,1.000,SYTLTQGFGDVFWFPLFSN,SYTLTQGFGDVFWFPLFSN,5DD5_1
0.444,0.283,YYGGIPMDA,LYLERPSDA,3SQO_1
0.250,-0.010,NSSYYYFSRTFGYDFY,HSSCSLGDGTECYNPG,6OBZ_1
1.000,1.000,NGFYTYFDYNAN,NGFYTYFDYNAN,3MAC_1
1.000,1.000,YFGSWEP,YFGSWEP,3HC3_1
1.000,1.000,HPRGGWEQHRSWFDLN,HPRGGWEQHRSWFDLN,4F57_1
0.583,0.681,YSFLIDPDFADT,YHYVVDPDFGDT,4ZS7_1
1.000,1.000,VYFSYNRDWNDN,VYFSYNRDWNDN,1IT9_1
0.667,0.676,YWFYYAPITYAD,YPFYYSPIAYTD,1DSF_1
1.000,1.000,YNSFYGYYRGPYYDN,YNSFYGYYRGPYYDN,6DEZ_2
0.500,0.271,YYDWVLMGDY,YAYRVCMGDG,2HFF_2
0.400,0.217,YYYAGGGGDT,LESKYGGGDW,4HBC_1
1.000,1.000,FYIYDGLEDG,FYIYDGLEDG,5I1H_1
1.000,1.000,YSG,YSG,5OBF_1
1.000,1.000,VYHMPYGEAGNYDY,VYHMPYGEAGNYDY,3U36_4
1.000,1.000,VSLLGYQYYGAPSVGDYP,VSLLGYQYYGAPSVGDYP,4YWG_1
0.625,0.522,YYAEGWDF,YAGEGDDF,3WLW_1
0.500,0.426,SGSDGWFYDW,YGSEYSFYAW,5TF1_1
1.000,1.000,YGGYFSSGGDYDR,YGGYFSSGGDYDR,1A14_1
0.500,0.442,YDDSTWDF,YNSSGSDF,6DDM_1
1.000,1.000,LVRFSDVTLRYDDG,LVRFSDVTLRYDDG,3LZF_1
0.667,0.554,YYYHGGMDA,YYYPNYMDA,6EMJ_2
0.545,0.496,SYDDYTGYEFDVYDGFYKVWHD,SYQSDRGYEFDVTNDLGIVWHD,6CA6_1
0.545,0.352,YFGYSDYGYAD,YFGYWDTWAAA,4S1D_1
0.182,-0.058,SYDDYTGYEFDVYDGFYKVWHD,YYVNMIHYEGASMLGRQFYRYI,2XTJ_1
0.636,0.619,YFGYYDYYSDS,YLGYGDYSNDS,4CMH_1
1.000,1.000,YYYGI,YYYGI,1GAF_1
0.938,0.851,HKPAGGITEGTGGAFS,HKPAGGITEGTGGAFW,4XCY_4
0.462,0.301,YEAFMGADYGSDN,YEAGMNDEGVYDN,3VRL_1
1.000,1.000,YRYERDDL,YRYERDDL,1G7J_1
1.000,1.000,YFGYMWYYYDT,YFGYMWYYYDT,1OAX_4
0.556,0.379,YGYEGIFAS,YGYWGYSDS,6DG2_1
1.000,1.000,VFFFRVD,VFFFRVD,5VTA_2
0.500,0.500,YFLEYD,SFSKYD,5IKC_1
0.727,0.732,YFGHRGFSYAS,YFGARGFSAAA,3IY0_1
0.545,0.435,VFWSDGSYWDD,VFDYVSHYWDD,2DTM_1
0.417,0.236,YYFYAGGDYYDN,NGFYTYFDYNAN,3MA9_1
0.643,0.633,YYYMGAYHIYHSDS,YYYMGAYNALGGDS,3G6J_1
1.000,1.000,YYADTADF,YYADTADF,1K6Q_1
1.000,1.000,VNFDMIFYDF,VNFDMIFYDF,4JLR_1
0.455,0.323,PFYGGRDGDHD,IFYNGGYADVD,4HT1_1
1.000,1.000,YRYERDDL,YRYERDDL,1A7R_1
0.400,0.262,VYRSNYFYDD,PYVSADFWDN,6IEC_1
1.000,1.000,YYVTSRDF,YYVTSRDF,5XCV_2
0.500,0.310,YGYTWYDF,ILDTIYDF,6I04_1
1.000,1.000,YLGDGSDL,YLGDGSDL,3F12_1
1.000,1.000,VFHKYTYTMVADNDK,VFHKYTYTMVADNDK,5WNB_1
1.000,1.000,YGVELLLIVDDS,YGVELLLIVDDS,5BK5_4
0.429,0.247,IINFVAGHGRVEDR,PSNFGWGHGSGVDE,6II4_1
1.000,1.000,YPNDYVKFATDP,YPNDYVKFATDP,1HEZ_1
1.000,1.000,YKGTCGCYVGDAEGAVDSSRS,YKGTCGCYVGDAEGAVDSSRS,6QN7_1
0.792,0.852,GMEFSVGAYQIDYVFFMYKYQYGR,GMDFSVGTYQIDYVYYVYKYQYGR,4FQQ_1
0.500,0.356,VYFGYRGGGRDS,FWFGYGGFITDS,3I9G_1
0.625,0.531,YADDNWDM,YAYPNYDM,6ELE_2
1.000,1.000,FYGWEADYGLDVYNFMPERYI,FYGWEADYGLDVYNFMPERYI,5U3N_1
1.000,1.000,HDFDSGKNWNQY,HDFDSGKNWNQY,6MYY_1
0.600,0.419,YWDGD,YKYGD,5NBW_1
0.417,0.292,YTMGYLGDYADY,SAMDYLGGDGDE,4DTG_1
0.545,0.413,YFRDGRGLDGG,YFRRGRLYGDG,4M61_1
0.444,0.214,YGYNSGLAN,YGYLHYNAY,2FBJ_1
0.357,0.181,YEYFVYYTRSAAHV,FFIFVYLDISADDR,4DGV_1
1.000,1.000,YIWREYYATDY,YIWREYYATDY,3DVG_1
0.750,0.711,YAYDSGDM,YAYVDGDM,3J2X_1
0.895,0.876,RAKPWEFGVDLVWDVGYPL,TAKPWEFGRDLVWDVGYPL,3TV3_1
0.250,0.013,YYGDYAAYGSDT,HYYFDDRDGSKW,4ZS6_1
0.500,0.493,VGMDGDRGYYDY,GYMSDDKGYFDY,3PIQ_2
0.333,0.167,VWHWGPFDY,EEHRQHFQY,5W4L_2
0.846,0.817,NAFQFGLPRNVDL,YAYQFGLPRNVDL,4QHK_1
1.000,1.000,YGYGDYGRAS,YGYGDYGRAS,1KNO_1
0.625,0.638,YFNFYGDF,NYNFLGDF,6DDR_1
0.500,0.534,YYDYDGFSDG,YFDQEGFLDP,5ZS0_1
0.400,0.258,NEIFV,HHRFV,1IND_1
0.357,0.250,YEAFYWSDKGYNAG,YLRFYWYVTFERAS,4YUE_1
0.294,0.087,YSAPFCGSHDGGSCDGF,YVGHGGGSQDKVEVDRR,4R8W_1
1.000,1.000,GFAWQLRLGDVYDQTAD,GFAWQLRLGDVYDQTAD,3TJE_1
1.000,1.000,YFGAGRP,YFGAGRP,3G5Z_1
0.333,0.417,YHFWQERRGEDL,YGYWKVMGGKDI,5ANM_1
1.000,1.000,YGGYFSSGGDYDR,YGGYFSSGGDYDR,1NMB_1
1.000,1.000,NAFQFGLPRNVDL,NAFQFGLPRNVDL,4QHL_1
1.000,1.000,FIGESFHP,FIGESFHP,6B9J_2
0.353,0.211,VRDMYYGYSSYGYYDGS,VGFMYYRHVVEGMVDPG,3WHE_1
0.333,0.214,YSG,ISN,5DMG_1
0.500,0.380,YAMGFRDPNDGY,YAMYFRAPHNDG,1JRH_1
0.625,0.810,YLGGGSAL,YIGGGAAM,4AMK_1
0.417,0.352,YAIGDGGYYDDW,YALNGWVYSDDF,4KUC_1
1.000,1.000,PFSGGISWGDY,PFSGGISWGDY,4HG4_2
0.429,0.429,YEAFYWSDKGYNAG,YYAFVWGERFNNTG,4PLJ_1
0.667,0.718,YVGWDA,YLGWPA,1BAF_1
0.556,0.358,YLSGRLFDG,YGYGRSFDF,5V7R_1
0.286,0.077,YYNGDGG,QCATAGG,6CSE_1
1.000,1.000,LSSFAENFLYLQADG,LSSFAENFLYLQADG,3MLT_3
1.000,1.000,YGTDLRFDP,YGTDLRFDP,5BVJ_1
0.600,0.500,YGYGYGFWAA,YDYVGEFWAA,6N5D_1
0.643,0.649,VHWFYYYYPHSSDG,YRYFYYYWPHSGDG,3CMO_1
0.909,0.955,YFYGDHDRESY,YFYGDHDREAY,3OKD_1
1.000,1.000,YPPGYYLSEYHEYDMV,YPPGYYLSEYHEYDMV,5BK1_1
0.364,0.302,LSYGPPDYSYDVYTMYPMENYI,RSWEFEDYGVDLYYFYPMLSGV,5U3J_1
0.800,0.724,YTFLYGFGAY,YTSDYGFGAY,1F11_1
1.000,1.000,FTGFGD,FTGFGD,5D72_1
0.615,0.595,YGVGLYLYYYSDT,VGYGCYTYYYSDS,4X80_1
1.000,1.000,VSLLGYQYYGAPSVGDYP,VSLLGYQYYGAPSVGDYP,4YWG_2
0.600,0.500,YGLFD,YLTFD,5MU0_1
0.316,0.172,SYYDSYDSFDVLGLYRGYA,SNYYLKDASDALRLTGNHV,4OSU_1
1.000,1.000,YWDGD,YWDGD,2DQE_1
1.000,1.000,SWQVLRLDAGADD,SWQVLRLDAGADD,6GK7_1
0.364,0.203,YFGARGFSAAA,YFRAMGADWQE,6AVN_1
0.400,0.310,YNYMATYTWGFERDV,YLWMVNYREDFRRDR,2QQK_1
0.667,0.417,YSG,YWG,1I3G_1
0.600,0.492,YGYGDYGRAS,YGYQDYYSDS,5NJ6_1
0.333,0.143,VFHDFD,VLQLTD,4QHU_1
1.000,1.000,VMGDWGGAYDF,VMGDWGGAYDF,1FVD_1
0.263,0.098,LFPYEWMGDENPYPADDSN,YFYYWWTPDFDDKVDGDLY,4UT9_1
0.429,0.314,YTGGGYS,YDGLAIS,5WHJ_1
1.000,1.000,YAMSSRGGYYDH,YAMSSRGGYYDH,4NKM_1
0.556,0.527,YPLPTMFAW,YLRPTGFSW,1EO8_1
0.286,-0.069,YTSRDCKFSGGSDC,DISAYGDESGESLY,6DB6_1
0.667,0.613,VYYMGAYADRAHLDG,VYYMGAYAVRGGTDA,5ODB_1
1.000,1.000,FYIYDGLEDG,FYIYDGLEDG,5I17_2
0.667,0.667,YFGGWD,YFGTWA,5WAW_1
0.438,0.228,NSSYYYFSRTFGYDFY,YSSYYGSGLTRWVDFD,6NB3_1
0.900,0.843,YVIGTTMADW,YVIGTTMADR,1C1E_1
1.000,1.000,YMSGYSD,YMSGYSD,1YNL_1
1.000,1.000,YEGYI,YEGYI,1GGB_1
0.500,0.340,YAYVDGDM,YGGVMGDY,5ANM_2
1.000,1.000,YGYYGHSDYDF,YGYYGHSDYDF,1D5I_1
0.429,0.203,YGFFGPMALESRDH,YGSFGFELGFSYDD,3UJI_1
0.571,0.512,YYYMSAGDYYPYDT,YYYMYADDFYFVDD,1GIG_1
1.000,1.000,VTMQYHMGERDV,VTMQYHMGERDV,5C0S_1
0.333,0.039,SGLFWNHDSYVAHDW,YGLDIVGTLGVAEDT,6APD_1
0.750,0.826,YGTD,YGVD,5TQQ_1
0.600,0.448,YTSITTMADY,YASHYGMADY,1QNZ_1
0.545,0.333,YLGYGDYSNDS,YLYYHRDSNTS,4LEO_1
0.500,0.358,YSPNLGFYDF,YSFAVVFYDK,5FGB_2
0.500,0.373,YTGRDYFYDY,YNGRRDFGTY,1FIG_1
1.000,1.000,SEPPYYTFKFQDYEGYGWGD,SEPPYYTFKFQDYEGYGWGD,5SY8_1
0.278,0.136,YVMDVETYYITYGYLDYD,YSLWGRPYWSEYHYSDVW,5BJZ_1
1.000,1.000,YPLGNYA,YPLGNYA,3LEX_1
1.000,1.000,YMFYPKGAYDP,YMFYPKGAYDP,5C0R_1
0.571,0.488,YFGGGTP,YTGGGYS,5DLM_1
1.000,1.000,YYGG,YYGG,5CP7_1
0.500,0.500,YAMYRAYQYYDD,YALRTISTYYDD,1IL1_1
0.667,0.569,YYGGIPMDA,VYDGGPMDA,4DKF_1
1.000,1.000,YFYDMGSWVDD,YFYDMGSWVDD,3MBX_1
1.000,1.000,YFGYMWYYYDT,YFGYMWYYYDT,1OAQ_1
0.316,0.187,WNRYSYGEYDYFYGYPVYD,AEPGAGYSYQHFYVYDVAD,3SKJ_1
0.583,0.484,YDLAGEGLRLYL,YTLQPEGIRLDL,3BGF_1
1.000,1.000,HYYDWTNCGKYDREFA,HYYDWTNCGKYDREFA,4OLW_1
0.438,0.174,VSYGFFSYGDYGSDMD,VSCVRCSYERGTSDMS,5BV7_1
1.000,1.000,YWDGD,YWDGD,2DQI_1
0.700,0.589,YTSDYGFGAY,YTSDDYFAAY,5CZX_1
1.000,1.000,AVSDCRRVYDS,AVSDCRRVYDS,3U9P_1
0.706,0.577,HGKFGIGPTEGTLWQAG,YGKFGIGPTEGTWGAAW,4M8Q_1
1.000,1.000,YFGYYDYYSDG,YFGYYDYYSDG,4A6Y_1
1.000,1.000,FYIYDGLEDG,FYIYDGLEDG,5I1E_1
0.583,0.754,YHYVVDPDFGDT,YSFLIDPDFADT,8FAB_1
1.000,1.000,YAMSSRGGYYDH,YAMSSRGGYYDH,4X0K_1
0.714,0.511,YFYEVYD,YFYWVDD,5BMF_1
1.000,1.000,YSFNGEDLSDG,YSFNGEDLSDG,1NCB_1
1.000,1.000,YYPSGGFDF,YYPSGGFDF,2Z4Q_1
0.714,0.571,YFYWVDD,YFYEVYD,4RDQ_1
0.583,0.500,YAMSVESRAEDF,YAMSYSSPARDM,4NKO_1
0.556,0.392,VGDERGFAY,VHMERGMDY,5K59_1
0.667,0.685,YYYDRGMDA,YYYDDGVDR,5YUP_1
0.944,0.930,VWMGYYFSHDRSYYGDSS,VAMGYYFSHDRSYYGDSS,2A9N_1
0.400,0.333,VWGFAGYADG,VWAGAPATNG,5I8K_1
0.600,0.483,YDLHD,YDGSD,3NZH_1
0.900,0.825,YSDRRSFYDN,YSYRRSFYDN,4ISV_1
0.500,0.333,YTRSRGDL,ITYLDGDL,2VXQ_1
0.429,0.269,VYYMDGVDRIYYDD,VYNMFIDDSRYHDS,3QEG_1
0.353,0.089,PGRFNYYCRDGVGGDWC,YGYNPGPARDGPTGDSD,6N8D_1
0.667,0.714,YGTYYGMDA,YGRFLGMDA,4O02_1
0.500,0.333,YGMD,YEGD,3QG6_1
0.600,0.483,VWGGD,FRGGD,1NLD_1
1.000,1.000,YPNHRGDF,YPNHRGDF,5TLJ_1
0.417,0.314,LHFGRNFVWGDF,LNFISRPQWDDF,4UIF_1
0.636,0.508,YMLFFVFAYDP,YMYSFGGAYDP,5NPH_1
1.000,1.000,LDRMLSGYGYGND,LDRMLSGYGYGND,5DSC_1
0.467,0.319,YHYMAGYYPNYYRDS,YSYMAYWSKQYDRDW,4G80_1
0.625,0.429,YSDEDYDF,YSYYDGDF,4MAU_1
1.000,1.000,YFGGWD,YFGGWD,5NGV_1
0.312,0.118,YWHGTHYYSYWSGDMV,YVCGGNAYRVCGLDMR,2HFG_1
0.385,0.129,YFDIFHDRPGTDL,SELRFPDRGGVDG,5VIC_1
0.444,0.275,YYPSGGFDF,FYGSFIFDN,3GNM_1
0.538,0.515,YSAYMASWEWRDW,YSASMASSDYSDY,1TZH_1
1.000,1.000,YWAMD,YWAMD,5TDO_2
1.000,1.000,IGNDGIYDG,IGNDGIYDG,4RZC_3
0.444,0.328,PDRSLGFDW,PHPSGKFSW,4RNR_2
1.000,1.000,VTMQYHMGERDV,VTMQYHMGERDV,3GBM_2
0.462,0.462,VYDFFYTSYSSDG,IYASFSASYPSDS,2XRA_1
0.500,0.386,YPHYGNAF,YGTKGTAF,6BFS_1
0.800,0.643,YWAMD,YDAMD,1FH5_1
0.500,0.429,YYGMYAYEGSSSDD,YEGMYYYASPDYDD,5Y9F_1
0.222,0.055,VWYLRNFDY,LPYYPNDNT,6I9I_1
0.556,0.368,YYSISGFDS,YYWSSTFDY,1YNT_1
0.444,0.182,IDRRRIFDE,PDRSLGFDW,6D2P_1
0.600,0.500,YLDSRTFYDY,YPRSPVFYDY,5I66_1
0.625,0.551,VWLGGRSLDKGDFDMY,VWPGWRRLDGGDLDMF,5WCD_1
1.000,1.000,YAHYVYDL,YAHYVYDL,4K9E_1
0.556,0.418,VWPWFFFDY,VWGSDRFDY,5UMI_1
0.357,0.169,FFIFVYLDISADDR,YEYFVYYTRSAAHV,1ADQ_1
0.429,0.184,YMSGYSD,YNSIGRD,6EWB_1
1.000,1.000,WNRYSYGEYDYFYGYPVYD,WNRYSYGEYDYFYGYPVYD,4NWU_1
0.882,0.901,YSSFYYYGRLGGDYDYY,YSSLYYYGRLGGDHDYY,4HPO_1
1.000,1.000,YGDGHYFYDS,YGDGHYFYDS,3OPZ_2
0.900,0.859,YYGGTSFYDD,YWGGTSFYDD,4YHO_1
1.000,1.000,HLFGAIPGKTEGTWGAGW,HLFGAIPGKTEGTWGAGW,4XCE_1
1.000,1.000,AVSDCRRVYDS,AVSDCRRVYDS,3U9P_2
0.625,0.551,FYYDYGDF,HYYDSEDF,4KQ3_1
0.385,0.247,VWYYFDAIFYGDA,IKGYFDDNGEGDV,3KR3_1
0.412,0.255,PGRFNYYCRDGVGGDWC,PDRFGSVERDRSFYDWR,3P30_1
0.667,0.509,YYVLGYFDG,YYRDGYFDY,3QUM_1
0.357,0.205,YEGFGYRLKRGSDF,YPLFFSHYHRGRDI,2AJ3_1
0.143,-0.156,YNALGPILRMKDDF,SVILIIMGSAIGEF,5K9J_1
0.545,0.361,YMTSGYSAYDS,YMTYGYFGGDW,6O3A_1
0.727,0.729,GGAIPPRNGLDVVPVATMRFRT,AGAAAPRNGLDVVPAATMRAAT,2F5A_1
1.000,1.000,YSPNLGFYDF,YSPNLGFYDF,4LLU_1
0.571,0.482,VYYMDGVDRIYYDD,VYYMPGSDRYHGDT,4U6V_1
1.000,1.000,YFGGWD,YFGGWD,5NHW_1
0.615,0.525,VWYSFYVVYYSDA,VWYGFYSGYDSDD,1XIW_1
0.667,0.704,YYSLFGFDY,FWSLIGFDY,2ARJ_1
0.636,0.586,YFYDDFYGVDD,YFYDFYYFFDD,1KEN_1
0.625,0.619,YGFSHRDL,YSFSARDF,2R0K_1
1.000,1.000,YSPNLGFYDF,YSPNLGFYDF,4LLY_1
0.455,0.254,YFGFVSITGDV,YFYFESRYADG,6B0H_1
0.714,0.469,VMGGGHD,VMGGWWD,2D7T_1
0.571,0.436,YFGEGPV,YSGENYV,5KVG_1
1.000,1.000,YFDYRETGKAE,YFDYRETGKAE,5XCS_1
1.000,1.000,YGYTWYDF,YGYTWYDF,4XH2_2
0.600,0.483,YWDGD,YQMGD,3CXD_1
1.000,1.000,YKGTCGCYVGDAEGAVDSSRS,YKGTCGCYVGDAEGAVDSSRS,6QN9_1
0.500,0.409,YYGGDYFWTE,YNGGVPFWPN,1LK3_1
0.500,0.434,YYFYAGGDYYDN,YYFYGHYDYLEF,4K2U_1
0.417,0.353,YYFGYSVYYSDG,NYASYGLGYSPG,6MLK_1
0.412,0.220,VNYMYYAYIDRGGGDGA,VLNMYYVYGVAIFGDYS,3FN0_1
1.000,1.000,YYFGYSVYYSDG,YYFGYSVYYSDG,4BH8_1
0.462,0.356,YYYNFGAYYGGDY,YAYNFGSGNLDAY,5DMI_1
0.800,0.703,YGYGYGFWAA,YGYGDYFWAA,2UUD_1
1.000,1.000,NTYFHPVLLETAESDYV,NTYFHPVLLETAESDYV,5UDC_1
0.500,0.413,YAYRDYDL,YVAHFYDL,1F4W_1
0.400,0.236,FGAFAYDDLGGSDDE,LGGFLYPYDMPSDDH,6BTJ_1
0.455,0.279,NMDGMRYAYDY,VMYVDRIGYDY,4ZYK_1
0.316,0.189,VMGGYYYAYFADRDVTDYN,VMGGDYFPVDEGVRTAYYG,5UG0_1
0.500,0.412,YFLEYD,LFDRYD,4RAV_1
0.455,0.320,YLAGSSPGYDD,YLAAASIVRDA,1NL0_1
0.357,0.120,ANDFRPDKGSDSDL,FGRFFGWQGLDSDD,3GKW_1
1.000,1.000,YFGYYDYYSDG,YFGYYDYYSDG,2Y36_1
1.000,1.000,YNRGKVA,YNRGKVA,3IET_1
0.545,0.345,YMTTTLIAYDG,YMVLTLGADDL,3EO0_1
0.263,0.104,YWTPFDDVGDYFYWDKDLY,PWMGENPPDDLFYEDYASN,2QAD_1
0.455,0.254,YLEVKGYGGDG,LLYWHPYQGDG,4QCI_1
0.500,0.393,VYYGYRYDDRGYYDML,VYYGYSYVDAYDSDLG,5TPN_1
0.600,0.500,YGYGYGFWAA,SEYYYRFWAA,1BLN_1
0.545,0.458,VFDYVSHYWDD,VFFYGSHHWAH,5G64_2
1.000,1.000,SEPPYYTFKFQDYEGYGWGD,SEPPYYTFKFQDYEGYGWGD,5T5B_1
1.000,1.000,YGYTWYDF,YGYTWYDF,4XH2_3
0.263,0.019,TYYNYHEDIDVLGGYKLYD,YYEGTVIVSDSLGYIDHYT,3Q6G_2
1.000,1.000,YYYLAGDPDINGDDS,YYYLAGDPDINGDDS,3HZY_1
1.000,1.000,YVITVIEEHGGRF,YVITVIEEHGGRF,5GJT_1
0.636,0.515,YMPYWGNAYDY,YMYPGSNAYDY,6ANI_1
1.000,1.000,YLGDGSDL,YLGDGSDL,3F12_2
0.556,0.604,YDDYRYMDA,YEDYRYFAG,1CT8_1
0.333,0.137,GEWDFTEARVDMNGYFQFLLI,KENDRREFGEDLKGNFHRPLF,4YDJ_1
0.917,0.917,YYFYDRDYRGDD,YYFYDRDYRGDA,3C09_1
0.429,0.314,VFDITTD,LTTITGD,6BFQ_1
0.500,0.317,VYYHYYMGDY,VPYHDDFFDY,2A77_1
0.700,0.562,VYYGGLMGDY,VYYHYYMGDY,2H32_1
1.000,1.000,YSPNLGFYDF,YSPNLGFYDF,4LLW_1
0.438,0.347,YWHGTHYYSYWSGDMV,YAYGSVSYSYGNWDMY,4I18_1
1.000,1.000,HYYDWTNCGKYDRQFA,HYYDWTNCGKYDRQFA,5IGX_1
0.400,0.185,FLGED,STGEY,6AMM_1
0.917,0.912,GMEFAVGTTHIDYVFWIYRFQYRR,GMEFAVGTTHIDYVFWIYRFLYNR,4FQ1_1
0.444,0.388,YVYFGNFAP,YFNQGSLAP,5LDN_1
0.615,0.507,YDAKMGDGNGGDD,YDAFMRDMRGDDD,3I02_1
1.000,1.000,YYSISGFDS,YYSISGFDS,5IES_1
0.455,0.214,YMLFFVFAYDP,YMDWFVNYDDG,5XHV_1
1.000,1.000,YAHYVYDL,YAHYVYDL,4K94_1
0.571,0.500,VYYMPGSDRYHGDT,VYYMDGVDRIYYDD,4ZYK_2
0.750,0.732,VGMDGDRGYYDY,VGMHNSRGYYDY,4XI5_1
1.000,1.000,VMGDWGGAYDF,VMGDWGGAYDF,4X4X_1
1.000,1.000,FPGYKMDMVWDYGYSYRSYY,FPGYKMDMVWDYGYSYRSYY,4IOF_2
0.250,0.000,ICNAGSRCVGYSTDFS,IRPAESTVEMEWREFG,4IDJ_1
0.333,0.139,VANFFWWLEGNYNDG,PLAFGLELAENYPDS,6A67_1
1.000,1.000,VHWFYYYYPHSSDG,VHWFYYYYPHSSDG,6BFT_1
0.556,0.558,YNGKDSFPY,YDSKDPFPA,4R7D_1
0.615,0.500,VYGGMYDIQYYDN,VYGWMLDPGYYDD,3KDM_1
0.900,0.885,YVIGTTMADR,YVIGTTFADR,3O2V_1
0.714,0.610,YFGDSGA,YFGDYEA,2R29_1
0.917,0.953,VPLSYREVSYDY,VPLSYRELSYDY,1MVU_1
0.667,0.678,YHYMAGYYPNYYRDS,YYYMAGYYGDYLSDS,5MHE_1
-1.000,-1.000,,ST,6ANP_1
0.500,0.269,VVFIGLLVDTDT,YFFIMRGGDTDT,4TPR_1
0.600,0.536,YYLQGLMADY,YYLGRSMTDY,1JN6_1
0.636,0.593,YMYPGSNAYDY,YMYASSYAADY,1TZI_1
0.643,0.595,YYYMGAYNALGGDS,YYYMGAYHIYHSDS,2QHR_1
1.000,1.000,YYDFSGYAAYNYAY,YYDFSGYAAYNYAY,4JN2_2
1.000,1.000,YFDYRETGKAE,YFDYRETGKAE,5XCU_2
0.700,0.517,VYPELLMGDY,VYYGGLMGDY,4HK0_1
0.500,0.320,YSRPDYMADY,VSFGIVMADY,3H0T_1
0.278,0.167,IDFITGESLEDRLMADGS,AGIFCAESPDPALCQDGD,4GLR_1
0.333,0.131,VNMYGYYSYEMFQPPDSG,VGMYYYNPYGEAGDNDHI,3LRS_3
0.545,0.452,YFYDLGSWVDD,YFGGLTRYVDD,6NB5_2
1.000,1.000,YRGRFRQGYGSDR,YRGRFRQGYGSDR,6B14_1
0.714,0.591,YMDLGND,YYDDGND,5DO2_1
0.900,0.931,YVYDGYMADD,YAYDGYMADD,3DUR_1
1.000,1.000,YFPYSYISDY,YFPYSYISDY,5GS0_3
0.250,0.000,VYLDQRDF,VLEDPWNN,3J70_1
1.000,1.000,SYTIRSDVVRFYGDG,SYTIRSDVVRFYGDG,5IIE_2
0.714,0.780,YMSGYSD,YMAGYDD,4QEX_1
0.000,-0.500,SWD,VPR,5KVL_1
0.429,0.402,YGVFGWPPELYTPL,YRGFGWPSQLLNVY,3IY7_1
0.917,0.953,VPLSYRELSYDY,VPLSYREVSYDY,1AP2_1
0.429,0.189,YMSGYSD,YPLLYSV,3U0T_1
0.500,0.276,YYNGGDFWAL,YLLGGWFSDL,1RMF_1
0.400,0.483,STGEY,DSGNY,6DC9_1
0.833,0.893,SMDYYGRDFVYDGVFSTKFYGDPY,SLDYYGRDFVYDGVFNTQYYGDPY,4UT6_1
1.000,1.000,YSNWGGA,YSNWGGA,1JGL_1
0.625,0.447,YSYYDGDF,YSDEDYDF,6DJP_1
0.556,0.532,YYYHGGMDA,YSYRSEMDA,2ORB_1
0.429,0.316,YSDFGYSVYSVHDW,YSYFFYSATAGDDY,5E94_1
0.500,0.296,YYFGYSVYYSDG,YDFGGRGYESDY,4UAO_1
0.917,0.857,DYFPYTGKEEQG,DYFYYTGKEEQG,5JO5_2
0.400,0.255,VGYFFYLLKEEDYDG,VANFFWWLEGNYNDG,4K7P_2
0.467,0.361,FGAFAYDDLGGSDDE,ITSFAYYDKQGRDDY,5GMQ_1
1.000,1.000,ANDFRPDKGSDSDL,ANDFRPDKGSDSDL,3OAU_1
0.500,0.409,NSSYYYFSRTFGYDFY,FSSAYYYFRGAGYDMS,4CAD_1
1.000,1.000,VGDGFGFYDG,VGDGFGFYDG,2B2X_1
0.556,0.559,YYWSSTFDY,YFWSNYFDD,3JAU_1
0.929,0.896,HIGFPATEGTPKAG,HIGFGATEGTPKAG,4XBG_5
0.462,0.207,VLYDFGDFSNSDR,VNRWFGDSSDWDP,6ORP_1
1.000,1.000,PAGWTDRGDPGPSDFS,PAGWTDRGDPGPSDFS,5BK3_1
1.000,1.000,YWAGD,YWAGD,1IC7_1
1.000,1.000,VGYGYRYDVVAFGDME,VGYGYRYDVVAFGDME,5IBT_1
0.200,0.040,YYGVA,RGGLL,5TBD_1
1.000,1.000,YRYERDDL,YRYERDDL,1G7H_1
0.947,0.934,GGNDYGVEDKHLFEEYENA,GGNRYGVEDKHLFEEYENA,1G9M_1
0.600,0.471,YPGGYYFWAT,YYHIYYFWAP,1DLF_1
1.000,1.000,YYYTFGGGTLSDR,YYYTFGGGTLSDR,1BZ7_1
0.312,0.237,VCSAFCRSESDDGDFG,YCHAGAKCAPDDAGFD,4NZU_1
1.000,1.000,FSH,FSH,2Q8A_1
0.545,0.500,YFFRRDYGMDD,FMFRNYYGGDD,1OB1_1
0.941,0.969,VDYMYYPYHAGLTTDGT,VEYMYYPYHAGLTTDGT,6DLB_1
1.000,1.000,PFPWRSNPLDY,PFPWRSNPLDY,4R4N_1
0.600,0.492,YRFGSGMVDW,YPSGPFMVDW,3R1G_1
0.500,0.400,YGMD,YNDD,5GGQ_1
0.600,0.424,YYYGI,YDYGP,1DL7_1
1.000,1.000,YRYERDDL,YRYERDDL,1G7M_1
0.417,0.258,YYFYDRDYRGDA,YVFIVVTTPGDA,6ID4_1
0.455,0.257,YFGGLTRYVDD,YFNGHEDYNDW,2ADG_1
0.545,0.492,PFTVTPTWDDG,YFTLRNTYDDG,5NUZ_1
1.000,1.000,YDWTFTRAHGLAV,YDWTFTRAHGLAV,2IPU_1
1.000,1.000,YSPNLGFYDF,YSPNLGFYDF,4LLU_2
1.000,1.000,YSLSLVSYSADT,YSLSLVSYSADT,3WD5_1
0.500,0.396,YVIGTTFADR,YVRRATFPDS,3QPX_1
0.545,0.394,YFGYSDYGYAD,YFSYPDDGDAY,4AEI_1
0.950,0.937,SEPPYYTFKFQDYEGYGWGD,FEPPYYTFKFQDYEGYGWGD,5WDF_1
0.909,0.932,YMPYWGNAYDH,YMPYWGNAYDY,1IGC_1
1.000,1.000,YEVFHGNYRGFYKDR,YEVFHGNYRGFYKDR,3AAZ_1
0.833,0.906,SLDYYGRDFVYDGVFNTQYYGDPY,SMDYYGRDFVYDGVFSTKFYGDPY,4UT7_1
0.500,0.244,YLGGGSAL,YGDMGYAL,4LKX_1
0.600,0.443,YSYYDHSSDG,YYDYDGFSDG,4AEH_1
0.625,0.510,FYYRDDDF,FYYDYGDF,1MIM_1
1.000,1.000,STFGQQLYDMDY,STFGQQLYDMDY,3NAA_1
1.000,1.000,YPDGGGFVV,YPDGGGFVV,5E8D_1
0.800,0.783,YSGSYYVYDS,YSGDYYFYDS,2YPV_1
0.556,0.356,YYGGIPMDA,YYGGGHGDY,1MFA_1
0.500,0.377,VYTHFYDF,VPKWYYDF,4M6M_1
1.000,1.000,YFTTDRIPADA,YFTTDRIPADA,6AZZ_1
1.000,1.000,STFGQELYDMDY,STFGQELYDMDY,3NAB_1
1.000,1.000,YD,YD,5YE3_1
1.000,1.000,FSH,FSH,2Q8B_1
0.444,0.412,YGYEGIFAS,YGYESYTSF,4CNI_1
0.190,0.025,GTYTGDEYFGDLYDGFANVSV,TGYEYQSYTDGYELGFYGTRY,5Y0A_1
0.600,0.519,FRGGD,FLGED,4LCI_1
0.357,0.186,IPDFAARVLSMGDS,IYAFQPQVLFLVDL,1AQK_1
1.000,1.000,LFDERSFDDW,LFDERSFDDW,5F7E_1
0.857,0.818,YMGYYYD,YMGNYYD,1FE8_1
0.500,0.338,VYFGYRGGGRDS,VYFDSDNGWRDY,2G5B_1
0.455,0.324,YFRRGRLYGDG,HFVHERWYGDR,3NH7_1
1.000,1.000,YEVFHGNYRGFYKDR,YEVFHGNYRGFYKDR,4F37_1
0.944,0.945,HLFGAIPGKTEGTWGAGW,HLFGAIPGKTEGTWGQGW,4ODX_1
1.000,1.000,VFSSNYGYGDY,VFSSNYGYGDY,4MHH_1
0.889,0.857,YDGEGPIDS,YDGEGPIVS,4TTD_1
0.524,0.400,CYGIVCDGGPDVYYFMNRTYS,FYYIGRDGAGDVYYGMSRYYT,5UIX_1
1.000,1.000,YTTRDIF,YTTRDIF,5VKK_2
1.000,1.000,PGGFDWFVALTLDI,PGGFDWFVALTLDI,4GSD_1
1.000,1.000,YSLSLVSYSADT,YSLSLVSYSADT,4NYL_4
0.500,0.333,YAYVDGDM,HGYHWGDM,2GK0_2
0.714,0.651,YGYYGNA,YGYYYRA,5EOR_1
0.500,0.483,YHFD,YRWD,4OTX_1
0.455,0.367,YLWFSRQGSDY,YLYWTPWGSDW,3PGF_1
0.500,0.424,YYGGDYFWTE,IYGGFASWFE,4YDL_1
1.000,1.000,YGFYSPGYYKMDMRVSWDYY,YGFYSPGYYKMDMRVSWDYY,4IOF_1
0.545,0.369,YMLVSNYAYDG,YMYDLYYADDG,4ZFO_1
0.333,0.120,FSRLGYFDY,FIYGAYEDK,2HH0_1
0.294,0.180,VLNMYYVYGVAIFGDYS,VYNVWETYEVHQTKDHK,4K3D_1
0.600,0.492,YHIGDGFGAG,YYRGDYTGAG,6H3H_1
1.000,1.000,YVWYFYDSDRSAG,YVWYFYDSDRSAG,6N5E_2
1.000,1.000,YDYMPVIWGFERDV,YDYMPVIWGFERDV,1YEC_1
0.615,0.547,AWAGLYDRSSSDD,PWRDLYDRLSSDG,4YDI_1
1.000,1.000,YYARAGFDY,YYARAGFDY,6DF2_1
0.500,0.318,YYVTSRDF,YGRGSSDF,6IAP_1
1.000,1.000,YWDGD,YWDGD,3A6B_1
1.000,1.000,YTTITTMADY,YTTITTMADY,4GAY_2
0.600,0.492,YYRGDYTGAG,YHIGDGFGAG,1EGJ_1
0.333,0.217,GYSYSDDIREDVNYTMFSPHS,SYYYSYEASDDYGEYMFSGDY,5EU7_1
0.636,0.463,YFYDLGSWVDD,YFYDDFYGVDD,1FPT_1
0.923,0.920,VWYSFYVVYYSDN,VWYSFYVVYYSDA,4K7P_1
0.429,0.348,FYYIGRDGAGDVYYGMSRYYT,AYIVGGTGLVDVYYPMDRQGI,5U4R_1
0.600,0.685,YYYYLPMADY,YFYLLRLADY,4NCC_1
0.571,0.553,YFLAGTA,FFLGGGA,1NJ9_1
0.600,0.516,YDAMD,HHAMD,1BM3_1
0.750,0.667,YAGGSKDM,YAFGGKDM,1PLG_1
0.545,0.414,YLYHRGGAYDG,YLFPYHHAYDG,6O39_1
0.500,0.316,YGTVYEYISGGDYDMR,YGTAYFSKWGKYYDMY,3I75_1
0.333,0.136,VGMYYYNPYGEAGDNDHI,YGHYVPFPYSINTTLDGI,5OD8_1
0.429,0.277,YFPGLLD,FFNGDWD,3IY1_1
1.000,1.000,SEPPYYTFKFQDYEGYGWGD,SEPPYYTFKFQDYEGYGWGD,5JR1_1
1.000,1.000,YFNFYGDF,YFNFYGDF,1UWG_1
0.500,0.299,VRMRGYYTYDGYGITDYP,VYMRGYDLQDYYVSGDYW,5CGY_1
1.000,1.000,STFGQQLYDMDY,STFGQQLYDMDY,3NCJ_1
0.278,0.157,VLFVWAIDPHHRHMFDGV,IDFITGESLEDRLMADGS,4FQL_1
1.000,1.000,YFFRRDYGMDD,YFFRRDYGMDD,5B8C_1
0.300,0.058,YGYGDYFWAA,LSYGFDTSNA,5I8O_1
1.000,1.000,YFGYDIGPSAN,YFGYDIGPSAN,3PHO_1
1.000,1.000,YYHWFVDHRGADA,YYHWFVDHRGADA,6DZN_1
0.417,0.387,VYFGYRGGGRDI,LYFGVAKRGTDA,2R56_1
1.000,1.000,SYTLTQGFGDVFWFPLFSN,SYTLTQGFGDVFWFPLFSN,5DD0_1
1.000,1.000,YWDGD,YWDGD,2EKS_1
0.545,0.550,YFSVSGSWPAS,YFARSGVWAAQ,3IU4_1
0.714,0.636,YYNGDGG,YYYGDGK,6GC2_1
0.500,0.435,YYFGYSVYYSDG,YYGDYAAYGSDT,6AXK_1
0.400,0.245,YSYDGKLLDG,FSTSTILLDP,5VQM_1
0.625,0.489,YAYRDYDL,YAWRINDL,4L5F_1
0.538,0.405,YSASMASSDYSDY,YSAYMASWEWRDW,3EFD_1
0.500,0.388,YGSEYSFYAW,SGSDGWFYDW,5TGB_2
0.667,0.514,YVGLPD,YVGYYD,1A0Q_1
0.333,0.125,YWG,QRG,3QNZ_1
0.929,0.976,YDYMPVIWGFERDV,YDYLPVIWGFERDV,1YEE_1
0.545,0.411,VFSGNYYYWDT,YFSGWRYYYDP,1AFV_1
1.000,1.000,HWAGYRAQKESAR,HWAGYRAQKESAR,4LSP_1
1.000,1.000,YLSGRLFDG,YLSGRLFDG,3CLE_1
1.000,1.000,FGSVWTDLLDYFYDKPPGL,FGSVWTDLLDYFYDKPPGL,5Y2K_2
1.000,1.000,YAWGYGDL,YAWGYGDL,5UCB_1
1.000,1.000,YLYYGLYSSDE,YLYYGLYSSDE,5JO4_1
0.524,0.381,FYYIGRDGAGDVYYGMSRYYT,CYGIVCDGGPDVYYFMNRTYS,5TY6_1
1.000,1.000,YSPNLGFYDF,YSPNLGFYDF,5VSH_1
0.600,0.581,YGDRNYFWAS,YHRQEYFWAS,6EYN_2
0.333,0.105,YFGGWD,NHHGSD,5N2K_1
0.750,0.630,YAFD,YHFD,5GIR_1
0.714,0.636,YYYGDGK,YYNGDGG,1MLB_1
0.400,0.246,VNTSMIFYDW,YNTSDQFLPY,4U6H_1
0.500,0.265,NVEGGN,YVEGEP,1IGY_1
0.941,0.934,NTYFHPVLLETAESDYV,NTYFHPVLLETATSDYV,4JHA_1
0.889,0.902,YFYGYDMDA,YFYGVDMDA,1ORQ_1
0.545,0.371,YLSGYYYAYDY,YLYGGEDAIDY,6J5D_1
1.000,1.000,HLFGAIPGKTEGTWGAGW,HLFGAIPGKTEGTWGAGW,4LLV_2
1.000,1.000,PGVNLSHYCKDLLGGDLC,PGVNLSHYCKDLLGGDLC,6MEE_1
1.000,1.000,YGVELLLIVDDS,YGVELLLIVDDS,5BK5_3
0.080,-0.261,YIDCPTEDGRFCDGMRRWVYVMEIE,EGYGFDVIGVLSDYSTYDEIYDHDT,3Q6G_1
1.000,1.000,GMEFAVGTTHIDYVFWIYRFQYRR,GMEFAVGTTHIDYVFWIYRFQYRR,5W6D_1
0.545,0.545,YMYTEKTAYDY,YMYREDFSYDH,1PG7_1
1.000,1.000,SGGHTYGDP,SGGHTYGDP,4J1U_1
0.700,0.694,YGDDDYFWAA,YRDGNYFWAA,3DIF_1
0.600,0.438,YYYMATYTRETRGDV,YNYMATYTWGFERDV,1YED_1
0.636,0.478,VFSSNYGYGDY,VFSGNYYYWDT,1MCP_1
0.556,0.431,YYSLFGFDY,YANLPVFDY,4QHK_3
1.000,1.000,YMAQDYN,YMAQDYN,5F3B_1
0.923,0.926,YYARLLEALYPDP,YYARLLEALYADP,6A79_1
0.812,0.740,VYYGYRYDDRGYYDML,VYYGYGYDDRGRYDMD,6B0G_1
0.923,0.903,YNARMLHKGTGDG,YNARMLHKGTGDR,5DQD_1
1.000,1.000,YGPRHWFDG,YGPRHWFDG,5XXY_1
0.462,0.415,LWYGFPDYGDYDN,LWYDFNPYPSMDG,1RZG_1
0.353,0.172,VLNMYYVYGVAIFGDYS,CQAMYYPYMEEANGDAY,1F58_1
0.263,0.107,VLSGLYYDYSYDRSGFDYA,LLRFFWSSGENDRSKGDNS,6BCK_1
0.538,0.377,YYAYMYTGYSRDG,YYADMYPYRVGDG,3J8V_1
0.667,0.566,YGSDGKLDL,YGYDGDLDR,6BDZ_1
0.455,0.255,YGNGSDYRGDY,SFVGSDRLGDA,5FHA_1
0.400,0.250,YYYMAGYYGDYLSDS,YYWMAAWQSRGDWDS,5EII_1
0.857,0.800,YFGGGTD,YFLGGTD,6C9U_1
0.467,0.456,LSEFSTDGQGTVGDT,ISAFVADREGPYGDT,3CSY_1
0.625,0.560,YNGYDYDF,YNTHDGDF,3S35_1
1.000,1.000,FGSVWTDLLDYFYDKPPGL,FGSVWTDLLDYFYDKPPGL,5Y2L_1
0.429,0.320,VYYMPGSDRYHGDT,VSNFEAYDRYGSDT,2QSC_1
0.375,0.367,VWPGWRRLDGGDLDMF,IWPAHQSLALKDFDFF,5WCC_1
1.000,1.000,YGGYFSSGGDYDR,YGGYFSSGGDYDR,1NMA_1
1.000,1.000,YTTRDIF,YTTRDIF,6ANA_1
1.000,1.000,YDWTFTRAHGLAV,YDWTFTRAHGLAV,2IPT_1
0.333,0.077,YWFRIDERNIAA,YPFTSSLDYIAY,4YQX_1
0.444,0.468,YGYNSGLAN,YGFGSELVR,5SZF_1
1.000,1.000,DYFYKVGEGGHWDNVDNDYPYMAHYDI,DYFYKVGEGGHWDNVDNDYPYMAHYDI,3MUG_1
0.500,0.314,ALYMSAYDGGTSDS,YPYMYAYPPGGSDG,1DQD_1
1.000,1.000,YGGYFSSGGDYDR,YGGYFSSGGDYDR,1NMC_1
0.444,0.231,VYDGGPMDA,VYLSQWMDG,6FOE_1
0.400,0.286,VYYMGYFDENADSDG,VGYFFYLLKEEDYDG,5MHS_1
1.000,1.000,FYIYDGLEDG,FYIYDGLEDG,5I1A_1
0.429,0.293,IPDFAARVLSMGDS,IGDFSASVRDYYDD,6D01_1
0.500,0.364,YGFSHRDL,YITGHIDL,5IK3_1
1.000,1.000,YMPYWGNAYDH,YMPYWGNAYDH,4KVC_1
0.800,0.794,VYYFPYWNDG,YYYSPYWNDG,2ZJS_1
1.000,1.000,YRYERDDL,YRYERDDL,1KIP_1
1.000,1.000,YGD,YGD,4XXD_1
1.000,1.000,VWGFAGYADG,VWGFAGYADG,5GRV_1
1.000,1.000,YAWGYGDL,YAWGYGDL,5UEK_1
0.600,0.550,YGDGTRFWAS,YDDRDRFWAV,4N8C_1
0.667,0.519,YYTGELMDA,YYGGIPMDA,3NTC_1
0.500,0.327,YGYVYSFPDV,YGYSASAYDD,1ZTX_1
0.667,0.531,IDGVGLFDA,IDNEGDFDA,4OQT_1
0.250,0.071,VYYGYAYGDPRYLDMT,ISMVDAAREGPYGDFT,3INU_1
0.600,0.586,YKYGD,YEYLD,1MEX_1
1.000,1.000,YWDGD,YWDGD,2YSS_1
0.700,0.623,YGDGHYFYDS,YGDGGYFGDR,4F33_1
0.636,0.545,YLKYRSGAYDY,YLYHRGGAYDG,3VFG_1
1.000,1.000,VWYGFGPSRYSDS,VWYGFGPSRYSDS,5B3J_1
0.667,0.556,YNGSLAMDA,YYLALAMDA,3VI3_1
0.636,0.644,YMYTEKTAYDY,YMATSGTAFDY,3V7A_1
0.667,0.571,YMRSAD,YMPDAD,2LTQ_1
0.500,0.375,YPGDPYAA,YSGHNYAF,5OPY_1
1.000,1.000,SGGHTYGDP,SGGHTYGDP,1T4K_1
0.357,0.237,YSYMSPYEGASSDG,STDQSPYTGEDYYG,6AO0_1
0.700,0.544,YVYDGYMADD,YVYYGSMADY,5EZI_1
1.000,1.000,FYIYDGLEDG,FYIYDGLEDG,5I1G_1
0.615,0.493,YDAFMRDMRGDDD,YDAKMGDGNGGDD,4U1G_1
0.667,0.519,YFYGYDMDA,YAGGYYMDA,4XGZ_1
0.875,0.885,QFGYRIYGTDDDYVGSGFTWTDQI,QFGYFIYGTDDDYLGSGFTWTDKI,5ESV_1
0.818,0.825,YLGRDSPPLNE,YFGRDSPPLDE,4QF1_1
0.375,0.192,IWPAHQSLALKDFDFF,IFVAGASIDLGRRDFA,3SO3_1
0.556,0.460,YGSDGKLDL,YSSDGGPDA,2RCJ_1
0.500,0.338,SYFSYDGWWGDS,YYFVTDPLGGDS,5Y2K_3
0.273,0.050,YFGYDIGPSAN,LIGNDRSSSNW,5VIG_1
0.400,0.311,YYWMAAWQSRGDWDS,YGWYASSGYIRSWDS,6GLX_1
1.000,1.000,VDMRGMRVDAITFDVV,VDMRGMRVDAITFDVV,4N9G_4
1.000,1.000,YGYYGHSDYDF,YGYYGHSDYDF,1AXS_1
1.000,1.000,YTGVDYYDN,YTGVDYYDN,2AEP_1
0.667,0.486,YRFSGD,YFGSGD,6GHG_1
1.000,1.000,VHFFYGSHWHAG,VHFFYGSHWHAG,5G64_1
1.000,1.000,VDMRGMRVDAITFDVV,VDMRGMRVDAITFDVV,4N9G_2
0.909,0.918,YFDYRERGNAE,YFDYRERGKAE,1FRG_1
0.750,0.652,SAHGGWDM,YAHGGSDM,4AL8_1
1.000,1.000,QFGYRIYGTDDDYVGSGFTWTDQI,QFGYRIYGTDDDYVGSGFTWTDQI,3TCL_1
0.545,0.350,YMVLTLGADDL,YMVLRLAWMDR,2H9G_1
1.000,1.000,YFPYSYISDY,YFPYSYISDY,3ULS_1
0.692,0.684,YYYYFYGGYSTDG,YYAYMYTGYSRDG,4PB9_1
0.333,0.111,YYFYFGIYTTDG,SGFYSHRVTLDV,1IGM_1
1.000,1.000,LDRMLSGYGYGND,LDRMLSGYGYGND,5DRN_1
1.000,1.000,VWYLRLFDY,VWYLRLFDY,6CDM_1
0.571,0.436,YYYMGAYNALGGDS,YYYMLAGRQLYGDR,3WKM_1
1.000,1.000,GMEFAVGTTHIDYVFWVYRFKYKR,GMEFAVGTTHIDYVFWVYRFKYKR,4JY5_1
0.500,0.325,IADPDPDF,IAHALSDF,5WCC_2
0.500,0.390,YVYTVSDM,YSREVRDM,4KQ4_1
0.571,0.488,YMAGYDD,YWASQDD,6AQ7_1
0.812,0.747,VYYGYGYDDRGRYDMD,VYYGYRYDDRGYYDML,6B0E_1
0.769,0.786,HLHAYTNVGLSDG,YLHEYTNVALSDG,5F9W_1
0.462,0.275,VGIYMGDLGRIDF,YGAGMKGLGRKDS,4DKE_1
0.909,0.970,YFYDMGSWVDD,YFYDLGSWVDD,4PS4_1
0.571,0.474,YYGMYAYEGSSSDD,YSYMSPYEGASSDG,3V6F_1
0.462,0.395,YAWGFYHDYGSAT,YAWYFNEKDGTAA,3O2D_1
0.583,0.493,YAMSSRGGYYDH,YAMEYDGYYYDN,1IAI_2
0.455,0.316,VFDLWRGYRDV,IFDPGRIATDV,5ZIA_1
0.474,0.297,SYYYYGVSYDVMGYTRGYN,PYYGRGDFPDVMGGTNVYR,5UEL_1
1.000,1.000,YGLFD,YGLFD,1P4B_1
0.667,0.735,YPVMAWGGEGAKGGF,VPLMAWGGEASKDGF,6MTP_1
0.500,0.391,YAMSSRGGYYDH,YAMMTRTVYRDG,3TT1_1
0.727,0.651,YFGARGFSAAA,YFGHRGFSYAS,3GK8_1
0.412,0.296,YYYMGWYYPYKYWSDGW,YYRFRSGYSYYSYSDGG,5E08_1
1.000,1.000,YWAGD,YWAGD,1IC5_1
1.000,1.000,VWGFAGYADG,VWGFAGYADG,5GS1_1
0.286,0.229,YFIGYGD,LIRGLGN,4D3C_1
1.000,1.000,HKPAGGITEGTGLAFW,HKPAGGITEGTGLAFW,4XBG_4
1.000,1.000,FYIYDGLEDG,FYIYDGLEDG,5I1D_1
0.500,0.410,YYFYAGGDYYDN,YRYLRPGDYYDW,6GKU_1
1.000,1.000,VGYGYRYDVVAFGDME,VGYGYRYDVVAFGDME,5IBL_1
0.545,0.541,YFARSGVWAAQ,YFSVSGSWPAS,6BPA_1
0.571,0.643,YFSYFYS,YVDYYYS,2W9D_1
0.389,0.240,YNMTAYYYYFRSEGYDSY,VNMYGYYSYEMFQPPDSG,4NUJ_1
1.000,1.000,YMGDWGGAYDF,YMGDWGGAYDF,3BDY_1
1.000,1.000,HWAGYRAQKESAR,HWAGYRAQKESAR,4LSQ_1
1.000,1.000,YWAMD,YWAMD,6BHZ_2
0.333,0.268,HDFDSGKNWNQY,FWLDRGVRWSQA,4J6R_1
1.000,1.000,YFGYMWYYYDT,YFGYMWYYYDT,1OCW_1
0.556,0.348,YASVDNLDA,SYSSDYLDA,4WEB_1
1.000,1.000,FFGWETDYGTAVYYLMPERYV,FFGWETDYGTAVYYLMPERYV,5U3O_1
1.000,1.000,FLEYDGD,FLEYDGD,5I1D_2
1.000,1.000,YFYDDRHIETG,YFYDDRHIETG,1N4X_1
1.000,1.000,NAYQFGLPRNVRL,NAYQFGLPRNVRL,4QHN_1
0.600,0.661,YRDGNYFWAA,HRDSGYFWAT,5OB5_1
1.000,1.000,YFTTDRIPADA,YFTTDRIPADA,6B08_1
0.600,0.571,YVYYGSMADY,YVYYRSLPDT,4K3J_1
0.833,0.788,YMWYAD,YMVYAD,1A5F_1
0.500,0.357,YTGTYSDF,YFGLASDR,6AOD_1
0.700,0.700,YTGDQTFWAA,YRGDPAFWAA,3LIZ_1
1.000,1.000,GMEFAVGTTHIDYVFWVYRFKYKR,GMEFAVGTTHIDYVFWVYRFKYKR,5D9Q_1
1.000,1.000,VHWFYYYYPHSSDG,VHWFYYYYPHSSDG,1BJ1_1
0.636,0.478,YMRYNDGAYDG,YMSYYDGADDW,4Q6I_1
0.333,0.221,SMDYYGRDFVYDGVFSTKFYGDPY,DMGAWGLDDTVDGVHASYMYLFRY,5W08_1
1.000,1.000,YGFYSPGYYKMDMRVSWDYY,YGFYSPGYYKMDMRVSWDYY,5WOB_8
0.500,0.214,YSFSARDF,YSRFWWDF,2R0L_1
0.923,0.961,VYAGMYQNHYYDS,VYAGMYQNHYYDA,4NRY_1
0.714,0.722,YFLGGTD,YFLAGTA,5BO1_1
1.000,1.000,YGFGEYCRFPSVTGCDGY,YGFGEYCRFPSVTGCDGY,4MWF_1
1.000,1.000,VGMYYHGNSYDY,VGMYYHGNSYDY,4FQY_1
1.000,1.000,VWGGD,VWGGD,1XGU_1
0.600,0.484,YYDPLYMADY,YYDYYYMGDD,5KVF_1
1.000,1.000,YFGYSGYGSAN,YFGYSGYGSAN,5W05_1
1.000,1.000,YWDGD,YWDGD,2DQG_1
0.889,0.913,DGGVSRFSS,DGGVSRYSS,4Y5V_1
1.000,1.000,SPYYGPSFNYDIAGSYPDYY,SPYYGPSFNYDIAGSYPDYY,4IML_1
1.000,1.000,VWYGFGPSRYSDS,VWYGFGPSRYSDS,5B3J_2
0.500,0.327,YYGLGGLYDY,YNGEGFLSDQ,5YSL_1
0.700,0.661,VYNVYGFYDP,VYSNYGFYDG,4MHJ_1
1.000,1.000,YDGTGRLWTA,YDGTGRLWTA,5EOC_1
0.667,0.547,YYSLFGFDY,YYSNREFDY,3B9K_1
0.789,0.842,SYYSHSRDWDVVARSWFDG,TYYTHSRDWDVVGRSWIDG,6MTS_1
0.417,0.356,YIMRSWIGYLDE,YVMPSNHGHFDD,3FMG_1
1.000,1.000,YRGQGP,YRGQGP,1UB6_1
0.143,-0.051,YYDDGND,SQPTGEY,6AMJ_1
1.000,1.000,YYARAGFDY,YYARAGFDY,6DF0_1
0.750,0.760,YGFA,YGFG,2R4R_1
1.000,1.000,HYYDWTNCGKYDREFA,HYYDWTNCGKYDREFA,4OLZ_1
0.667,0.676,YMRSAD,YMRGTD,6BB4_1
0.556,0.364,YYYPNYMDA,YRNSWYMDA,4JR9_1
0.375,0.191,YYYYLDSYATNGSDFS,YNCAQCYDLTSGGDFS,5W1K_1
1.000,1.000,YFGEGPV,YFGEGPV,5XCT_1
0.500,0.448,VHWFYYYYPHSSDG,YYFFYYYGFYRSDG,1UWX_1
1.000,1.000,FYIYDGLEDG,FYIYDGLEDG,4KMT_1
0.312,0.100,IFVAGASIDLGRRDFA,VLTWYPSQGLFTFDFA,5DD6_2
0.571,0.417,VFFSLTD,VFDITTD,4WCY_1
0.667,0.543,YYLALAMDA,YNGSLAMDA,5TZU_1
0.600,0.545,YYGGDYFWTE,YTGKDYFVVE,3IY2_1
1.000,1.000,IGNDGIYDG,IGNDGIYDG,4RZC_2
0.385,0.359,LWFSFSDSSRADW,LWGGIGGIAFADW,5XAJ_2
0.615,0.500,YYAYMYTGYSRDG,YYAYMRGGYYPDD,4F2M_1
0.294,0.073,SSYFTPYRSASRGWDAY,MSYFDNDFSLHYGSHVR,3MLW_1
1.000,1.000,YPNDYVKFATDP,YPNDYVKFATDP,1DEE_1
0.500,0.500,YD,VD,5FEH_1
1.000,1.000,YFYDMGSWVDD,YFYDMGSWVDD,3L5W_1
1.000,1.000,NAYQFGLPRNVRL,NAYQFGLPRNVRL,4JAM_1
0.556,0.340,SYSSDYLDA,SYSQWGFDA,5VEB_1
0.667,0.608,YAGGYYMDA,YYSGYRMDA,5WUV_1
0.500,0.443,YAMSGSAYFGDE,YVMNGIYYGGDN,4RGM_1
0.533,0.449,VYYMGSYIDGEYDDY,VYYMGDYGGSTYHDR,5XKU_1
0.545,0.473,YFTTALLTTEV,YVTGIKLTTDV,4NKI_1
0.400,0.194,YYYGI,YYRFN,4KPH_1
0.467,0.400,SAVFYGYGSFYLDDS,FGFFYGWGDLYLPDY,1FN4_1
0.895,0.884,TAKPWEFGRDLVWDVGYPL,RAKPWEFGVDLVWDVGYPL,3TWC_1
0.526,0.409,SYYDSYDSFDVLGLYRGYA,SYYYYGVSYDVMGYTRGYN,6JEP_1
0.385,0.160,YGAGMKGLGRKDS,YMQFPAGLGDWDH,3G6A_1
1.000,1.000,YYGGTSFYDD,YYGGTSFYDD,4YGV_1
1.000,1.000,YFGYSGYGSAN,YFGYSGYGSAN,4M7K_1
0.462,0.274,YSASMASSDYSDY,YYASVAFRFDYDY,1IBG_1
0.286,0.030,YGGSDYD,SGVSTSG,5X5X_1
0.333,0.071,VYYLSDYDEYRYNDT,YLELSFGDEPYGSDH,5TRP_1
0.600,0.518,YYAITTMADY,YYPTITMADN,5W24_1
0.500,0.305,VYMRGYDLQDYYVSGDYW,VRMRGYYTYDGYGITDYP,5DRW_1
0.556,0.544,YANLPVFDY,YHDIPDFDY,3U9U_1
0.375,0.182,FYYRDDDF,QYVRGDRN,3M8O_1
0.462,0.384,YYARLLEALYPDP,YYAGLYREVYNDR,6FAX_1
0.462,0.275,YGAGMKGLGRKDS,VGIYMGDLGRIDF,4PY7_1
0.556,0.500,YSYPYDFAW,YPLPTMFAW,4MXV_1
0.909,0.903,YFDYRERGKAE,YFDYRERGNAE,1HIL_1
0.867,0.888,SGLFWNHDSYVAHDW,PGLFWNHDSYVSHDW,5W6C_1
0.375,0.365,YCYPGSWCHASSRDVA,YCYLGGSCDGKRGDLG,3EYF_1
0.182,-0.076,LYGLLHAYQWDVYHSGFMNLGD,VPGGALARDGDPLHLHSFGGVV,6BKD_1
0.667,0.500,YFGSGD,YRFSGD,5IHZ_4
0.412,0.305,IGSFDFYYYRATSGDAY,IGYFVTYFYGRDGSDAD,1DFB_1
0.500,0.491,YVAHYSLGDA,YYSHKALGDN,4M1G_1
0.462,0.343,AWAGLYDRSSSDD,VLPGLSDRRPSDT,5VK2_1
0.545,0.559,VFSGNYYYWDT,VFLGSHYNWDD,1YJD_1
1.000,1.000,PWFSPVGRGGDK,PWFSPVGRGGDK,5ZV3_1
0.429,0.365,YPYMYAYPPGGSDG,HRYLWYEVGGGSDG,4HFU_1
1.000,1.000,YFNDEGGSFDK,YFNDEGGSFDK,4HIE_1
0.500,0.214,YEWA,YWGA,6BIT_1
0.500,0.446,YYFVTDPLGGDS,YYLYIHPLNGDH,5B4M_1
0.833,0.650,YMVYAD,YMWYAD,6MH2_2
0.333,0.214,GMDFSVGTYQIDYVYYVYKYQYGR,NMTTYYGDYLFDGVYLGYYFQWDD,4UV4_1
0.571,0.574,YVDFNWA,YKDFDWN,3R06_1
0.889,0.839,VWYLRLFDY,VWYLRNFDY,5TKJ_1
0.500,0.357,YAMEYDGYYYDN,YTMGYLGDYADY,1H0D_1
0.417,0.169,IAFTLLTVDDDP,IAFLLDKERSDF,3J6U_1
0.917,0.877,HDFDSGKNWNQY,HDFDCGKNWNQY,4JPI_1
0.636,0.635,YMTSGYSAYDS,YMNKGYGAYDV,3NZ8_1
0.417,0.246,YYFDYSDYHTDS,YGFMGRAAYTDS,2R8S_1
1.000,1.000,YMAQDYN,YMAQDYN,5F3H_1
1.000,1.000,ANDFRPDKGSDSDL,ANDFRPDKGSDSDL,6E5P_2
0.211,0.000,WNRYSYGEYDYFYGYPVYD,RSNQPTPLQDNFPGYYRVP,3BN9_1
0.333,0.081,YAMMTRTVYRDG,DVMMTGGMGRMV,4XHJ_1
0.467,0.374,VYYMYGFSIYGYFDT,VNYMYPHGEAGYYDD,3U36_1
0.333,0.138,KENDRREFGEDLKGNFHRPLF,GEWDFTEARVDMNGYFQFLLI,6E3H_1
1.000,1.000,VTMQYHMGERDV,VTMQYHMGERDV,4EVN_1
1.000,1.000,YSMDLRFYDD,YSMDLRFYDD,6E62_1
1.000,1.000,YTFLYGFGAY,YTFLYGFGAY,3QQ9_1
1.000,1.000,YNYGSKGFRHDPCNWVGAVY,YNYGSKGFRHDPCNWVGAVY,5BZD_1
1.000,1.000,YFGYYDYYSDG,YFGYYDYYSDG,2Y07_1
0.368,0.318,TYYNYHEDIDVLGGYKLYD,LYYSYDDGDDGMYGSKNFD,3Q6F_1
1.000,1.000,PFPWRSNPLDY,PFPWRSNPLDY,4R4B_1
1.000,1.000,VGDGFGFYDG,VGDGFGFYDG,3EOT_1
1.000,1.000,YVYDGYMADD,YVYDGYMADD,3DV4_1
0.545,0.444,YFYDFYYFFDD,YFYRSNYSRDD,5Y9C_1
1.000,1.000,GMEFAVGTTHIDYVFWIYRFQYRR,GMEFAVGTTHIDYVFWIYRFQYRR,5CEX_1
1.000,1.000,YEVFHGNYRGFYKDR,YEVFHGNYRGFYKDR,3BAE_1
0.467,0.184,VGPMYGYIDRGRRDA,VGGMGGGWLGFRNDA,3UJJ_1
1.000,1.000,YIWREYYATDY,YIWREYYATDY,3DVN_1
1.000,1.000,YFGYDIGPSAN,YFGYDIGPSAN,3PHQ_1
0.429,0.310,YDYLYADDPAYNDG,YDYLIAVIKSGTDT,3RKD_1
0.600,0.508,YYLQGLMADY,YYLQKGFGDY,5XS7_1
0.263,0.047,FGSVWTDLLDYFYDKPPGL,YYTLILDGEDYPGDKIHAG,3IDX_1
1.000,1.000,YRYERDDL,YRYERDDL,1CIC_1
0.400,0.197,GSYNDYEMTDDVGYSYGSYH,LYYYYSEMSDDVYYEYFHDT,3GHE_1
0.917,0.884,SFAEWGMHVSVDAVLDAGQDMVRQ,SFEEWGMHVSVDAVLDAGQDMPRQ,6D0U_1
0.471,0.367,VNYMYYAYIDRGGGDGA,VRDMYYGYSSYGYYDGS,3X3F_1
1.000,1.000,YRLDRGFYDF,YRLDRGFYDF,1AD0_1
0.278,0.124,YSLWGRPYWSEYHYSDVW,YWLSFEPWAGDHLISDSS,5GZN_1
0.364,0.213,GYDGFGTYQIDVYYVYKMQYYR,LSYGPPDYSYDVYTMYPMENYI,5KAQ_1
0.857,0.882,FFGWETDYGTAVYYLMPERYV,FYGWEADYGTAVYYLMPERSV,5U3P_1
1.000,1.000,YSYYDHSSDG,YSYYDHSSDG,4ONF_1
0.500,0.364,YYYMYADDFYFVDD,YYYMTALRGFNVDT,4POZ_1
0.400,0.273,VYYMGAYADRAHLDG,VGYMGTSRDKTLRDL,6N81_1
0.467,0.253,VYYMGAYAVRGGTDA,VGPMYGYIDRGRRDA,6CNR_1
1.000,1.000,YSPSD,YSPSD,1E4X_2
0.538,0.397,VWYYFGWGDYLDY,VWYYFDAIFYGDA,4U0R_1
0.667,0.667,YGD,YGT,6F7T_1
0.444,0.196,IYYDRGFDA,IDRRRIFDE,4PUB_1
1.000,1.000,VFFSLTD,VFFSLTD,4UOM_1
1.000,1.000,YAMSSRGGYYDH,YAMSSRGGYYDH,3NN8_1
0.800,0.871,YYNGGDFWAL,YFNGGNFWAL,4DCQ_1
0.500,0.383,YGYQDYYSDS,YYYVDDYGDL,4R96_1
0.500,0.347,YYFYFGIYTTDG,YYFYAGGDYYDN,6ATT_1
0.333,0.115,VPLMAWGGEASKDGF,FDGFAKGTEASDTDI,5MP6_1
0.036,-0.179,EVPDSWEDKRACDGFKRCWSDRILEGLE,DNDYKVGEDGYWDYMVNFDGPYYAHHYI,3MME_1
0.429,0.298,VRWFGYVSNYVHDY,YSDFGYSVYSVHDW,4M6O_1
0.545,0.277,VFWSDGSYWDD,VFPYRGSYNDY,1NC2_1
0.800,0.824,YWAMD,YWEMD,1NDM_1
0.333,0.077,VPVMATNPRRGGRDA,VFYVATNEGDLFIDT,5KEM_2
0.571,0.487,YFGDYEA,YFPIYSA,5B6F_1
1.000,1.000,FYIYDGLEDG,FYIYDGLEDG,5I1I_1
0.444,0.440,YGYDGDLDR,YGYNSGLAN,6GV1_1
1.000,1.000,YTTITTMADY,YTTITTMADY,4G6A_1
0.545,0.312,VMGDWGGAYDF,HMEDIGYAYDD,5XCX_1
0.294,0.095,VLNMYYVYGVAIFGDYS,YHTFYGNMPVVIRIDYA,3U6R_1
0.538,0.486,VYGGMYDIQYYDN,VYDGMANSIYYDG,1RZF_1
1.000,1.000,YFGEGPV,YFGEGPV,5XCQ_1
0.037,-0.179,DYFYKVGEGGHWDNVDNDYPYMAHYDI,EACLSWEDSRGCDVKKRWRDGFLEIPE,4ORG_1
0.412,0.240,YYRFRSGYSYYSYSDGG,YYYMGWYYPYKYWSDGW,5BK2_1
0.556,0.537,YDSKDPFPA,YNGKDSFPY,4R7N_1
0.700,0.691,VVYGKGFYDR,VSYGDAFYDR,1JGU_1
1.000,1.000,HPRGGWEQHRSWFDLN,HPRGGWEQHRSWFDLN,4F58_1
0.333,0.156,YNSFYGYYRGPYYDN,SNCFWVGYCGASIDL,6OE4_1
0.778,0.736,YYYHGGMDA,YYYDRGMDA,5EOQ_1
0.714,0.723,YFYWVDD,YFYWDSD,5H2B_1
0.600,0.610,YGYYDYGTDN,YTFYDYGTVG,6NOV_1
1.000,1.000,YPNHRGDF,YPNHRGDF,5TLK_1
0.833,0.774,YVGWDA,YVGADA,3S62_1
0.300,0.086,YVRRATFPDS,YEREAKEDTW,5MYO_1
0.500,0.327,VYWNRGDF,VYTHFYDF,3MJ8_1
0.667,0.634,YYYMAGYYGDYLSDS,YHYMAGYYPNYYRDS,6ELE_1
1.000,1.000,YYFGYSVYYSDG,YYFGYSVYYSDG,4BH7_1
1.000,1.000,VADVISHFDMNTGGFV,VADVISHFDMNTGGFV,5JW5_2
1.000,1.000,YMGDWGGAYDF,YMGDWGGAYDF,5TDN_1
0.353,0.198,IGYFVTYFYGRDGSDAD,SSYFTPYRSASRGWDAY,5FHB_1
0.500,0.403,YVFIVVTTPGDA,YVFAATGIFGDA,5GZR_1
0.455,0.212,SFVGSDRLGDA,YGNGSDYRGDY,3CFD_1
0.429,0.229,YFWVTTA,IFAVTDD,3S34_1
0.455,0.250,VFDYVSHYWDD,VFDLWRGYRDV,1FGV_1
0.273,0.204,YLGRDSPPLNE,SLGTEGKLLRD,5DFV_1
0.600,0.452,YDGSD,YDLHD,1CR9_1
1.000,1.000,YFNFYGDF,YFNFYGDF,1UWE_1
1.000,1.000,HLFGAIPGKTEGTWGAGW,HLFGAIPGKTEGTWGAGW,4LLV_3
0.889,0.881,HLFGAIPGKTEGTWGAGW,YLFGAIPGKTEGTWGAGS,4M62_1
0.583,0.606,YWFYYAPITYAD,YWFYYVGIAGAE,3KJ4_1
0.400,0.096,LRLTWLMVDW,YLLTAGMPDA,4RGN_2
0.625,0.644,VFVFRDDF,IFSFYDDF,5DWU_1
0.917,0.954,VTMQYHMGERDV,VTMQYHMGERDL,5WKZ_1
0.375,0.295,FSSAYYYFRGAGYDMS,YIYAYLYRESPGRDMR,1RIH_1
0.545,0.481,YVTGIKLTTDV,YFTTALLTTEV,5DUR_1
0.700,0.644,NPYDGYMADY,YPYSGNMADY,1FOR_1
0.300,0.203,YTFLYGFGAY,YDWTSGFEEI,2AGJ_1
0.333,0.255,IDGVGLFDA,LDGGGSQSG,6CJK_1
0.667,0.562,VWHWGPFDY,VWPWFFFDY,4FFZ_1
0.429,0.294,YSDFGYSVYSVHDW,VRWFGYVSNYVHDY,2AAB_1
0.462,0.310,VGYYLYPSISADY,YYVYLYSSIDKDG,4HS8_1
0.500,0.364,YFGGWD,YLGVDD,5N4J_1
0.308,0.092,YDYYFIRRIEVDD,HWDQFSRMRERQD,4LSU_1
0.792,0.817,GMEFAVGTTHIDYVFWIYRFLYNR,GMELAVGATHIDYVFLIYKFLYGR,4JY6_1
0.400,0.143,YWDGD,IDDFD,1NAK_1
0.750,0.702,YFNFYGDF,YSNRYGDF,1QFW_1
0.167,-0.022,QFGYFIYGTDDDYLGSGFTWTDKI,EFSRCPEDVRCDVKGRWADGLEKE,4OD3_1
0.333,0.048,YKD,SWD,5JOP_1
0.500,0.312,YFGTWA,YFVGQA,1SM3_1
0.250,0.030,VYFYGLYYWYDG,NWSYGLEPTSVS,3G04_1
1.000,1.000,YYSISGFDS,YYSISGFDS,5IFA_1
0.500,0.403,VYFYGLYYWYDG,YYFYGTYAGVDY,3J8Z_1
0.667,0.566,YYYDRGMDA,YGYDDNMDA,1JHL_1
0.316,0.144,LFGGREQFYGEDFGDYDCH,LFGYASFDFVIDQTNKDFH,4YE4_1
1.000,1.000,VWGFAGYADG,VWGFAGYADG,2V7N_1
0.889,0.933,DGGVSRYSS,DGGVSRFSS,4Y5Y_1
1.000,1.000,VWGGD,VWGGD,1XGP_1
0.750,0.714,VYLDQRDF,VYLSGRDF,3QUM_2
0.400,0.107,YGDGLDFWAA,YGVGPITPDA,4HJ0_1
1.000,1.000,VDNGLYTY,VDNGLYTY,4O51_1
0.857,0.902,VHWFYYYYPHSSDG,VHWFYYYYPYSTDG,1CZ8_1
0.385,0.296,YRYYFYDGDGYDR,HRTFFLDWALWDR,5VOB_1
1.000,1.000,YTTRDIF,YTTRDIF,5VL3_4
0.600,0.550,YYGLYDMADY,YYGLGGLYDY,4HQQ_1
1.000,1.000,YAWGYGDL,YAWGYGDL,6AYZ_1
0.800,0.829,YWDGD,YWDGT,1NDG_1
0.500,0.382,YSYYDHSSDG,YSYDGKLLDG,3EYO_2
0.364,0.157,YFAADNGTAAR,WFRIAAGWAAW,3UBX_1
0.250,0.045,YYGG,PRSG,5DYO_1
0.500,0.422,YFGGWD,YDWGWS,6DJP_2
1.000,1.000,YTTITTMADY,YTTITTMADY,4GAG_1
0.462,0.412,YYGTMSSRGFYDS,YYGTMIFLQIIDT,1QFU_1
0.538,0.500,YYAYMRGGYYPDD,YYAAMASGAYTDP,4J8R_1
0.600,0.509,YSGDYYFSAG,YPDDSMFSAG,5D96_1
1.000,1.000,VYNVYGFYDP,VYNVYGFYDP,3IXX_1
0.364,0.322,YLGYGDYSNDS,YLAFVGRQHDS,5TZ2_1
0.188,-0.067,HSSCSLGDGTECYNPG,FNHHSRGMDLENGELD,3QEH_1
0.211,-0.099,SLVGVSSTTIFDPGGFDWI,PLVWGNALGGRVGLMVDMI,6BKC_1
0.867,0.916,PGLFWNHDSYVSHDW,SGLFWNHDSYVAHDW,5W6G_1
0.600,0.568,VYYMGSYIDGEYDDY,VYYMGSYSEGSDGDS,4HCR_1
0.357,0.282,YNALGPILRMKDDF,YEGFGYRLKRGSDF,5Y11_1
1.000,1.000,YYTRYYQAHGDVYYFMGNSAS,YYTRYYQAHGDVYYFMGNSAS,4NRZ_1
1.000,1.000,YYADTADF,YYADTADF,1JPS_1
0.625,0.500,YAWRINDL,YAYRDYDL,5JHL_1
0.417,0.250,IAFTLLTVDDDP,IALYLGSHDNAP,5ALC_1
0.500,0.402,YWGGYGPGNPGSDS,YYGFDGTDGPGSGS,2J4W_1
0.333,0.000,YDWGWS,SYTGES,6ANP_2
0.571,0.463,YFVGNYD,YFTMNGD,5KG9_1
0.600,0.529,VYYMGSYSEGSDGDS,VYYMGSYIDGEYDDY,4J4P_1
0.812,0.844,VGYGYRYDVVAFGDME,VGYGYRHDVVGFGDLE,5IBU_1
1.000,1.000,VGMYYHGNSYDY,VGMYYHGNSYDY,5WL2_2
0.714,0.675,YFYLRGD,YFYLTRD,6NB5_1
0.455,0.290,LLYWHPYQGDG,YLEVKGYGGDG,3IY3_1
0.500,0.350,FQGRRPFYDG,FYYLRGFYDD,5D8J_1
1.000,1.000,YPDGGGFVV,YPDGGGFVV,5AZ2_1
0.467,0.325,YYYMATYTRETRGDV,YPYMAVNATITTPDV,5W23_1
0.875,0.700,YAYDGSDM,YAYWGSDM,1KEL_1
0.462,0.320,YSSYFLERGSGDY,NWSFLLEPPSSDY,3SDY_1
0.235,0.096,PDRFGSVERDRSFYDWR,MQWFGPSYVIRQLYEVK,6BF4_1
0.455,0.290,YFYGDHDREAY,YFDYGHDRGPR,12E8_1
0.312,0.070,NPPYSFWVPGPFIDFG,YEWKSSLVQRIVFDFG,6BP2_1
0.600,0.426,VYSNYGFYDG,VDYIYHFYDG,1UYW_1
1.000,1.000,YMGDWGGAYDF,YMGDWGGAYDF,1FVE_1
1.000,1.000,YMFYPKGAYDP,YMFYPKGAYDP,4HLZ_1
0.571,0.500,YMQWVRD,YMAWGYD,6MH2_1
0.818,0.852,YFGRDSPPLDE,YLGRDSPPLNE,4HPY_1
0.545,0.413,YFRRGRLYGDG,YFRDGRGLDGG,4S2S_1
0.500,0.408,YYYDNSDF,YGYDYDDV,3O6K_1
0.429,0.494,YGFFGPMALESRDH,YGYYGPLDRNLRDY,6GLW_1
0.600,0.357,YWSFL,YKSFD,1PSK_1
1.000,1.000,YTTRDIF,YTTRDIF,5VKK_1
0.500,0.420,YYFDYSDYHTDS,IAFDYPHYDLDS,4ZD3_1
0.667,0.618,YAGGYYMDA,YNGPYYMDV,5I30_1
0.385,0.194,YGAYLRHLYGVDD,YGDRLVRLGTTDA,5ITB_1
1.000,1.000,YFGRFD,YFGRFD,2VH5_1
0.467,0.469,FGFFYGWGDLYLPDY,SAVFYGYGSFYLDDS,1FAI_1
0.375,0.253,ICNAGSRCVGYSTDFS,YCYPGSWCHASSRDVA,5A3I_1
1.000,1.000,HYYDWTNCGKYDREFA,HYYDWTNCGKYDREFA,4OM0_1
0.312,0.094,VAVWNLKVEGILNDFV,PAGGNSDDVRVGRDFV,6NN3_1
0.750,0.754,YYFVRRLGYEDA,YYFVTRVTYEDA,5WTG_1
1.000,1.000,YFGYYDYYSDG,YFGYYDYYSDG,4A6Y_2
1.000,1.000,VWYLRLFDY,VWYLRLFDY,6CUE_2
0.667,0.551,YYGGIPMDA,YYTGELMDA,4DVB_1
0.500,0.333,ITYLDGDL,YTRSRGDL,4HXA_1
0.600,0.517,YPSGPFMVDW,YRFGSGMVDW,3L95_1
0.900,0.867,YYSKHYVGVD,YYFKHYVGVD,1MJ8_1
0.750,0.667,YPMD,YGMD,4LU5_1
0.857,0.854,YFGGGTD,YFGGGTT,1KCR_1
0.636,0.500,YFYYALTEYAD,YFYDVLYEGAD,5O6V_1
1.000,1.000,YFGEGPV,YFGEGPV,2ZPK_1
1.000,1.000,YKTSYSMADL,YKTSYSMADL,5UEA_1
1.000,1.000,YRYERDDL,YRYERDDL,1A2Y_1
0.500,0.514,YYFYGTYAGVDY,YYFLGSGVGFDH,4D9L_1
0.455,0.224,YFGRDSPPLDE,YFGFVSITGDV,3B2U_1
0.211,0.059,LYYSYDDGDDGMYGSKNFD,LRSAAQDKVAPFWPGKVFE,5K9Q_1
0.500,0.418,YYDYYYMGDD,YHDYYDLCDY,1SY6_1
1.000,1.000,HGWL,HGWL,3MNW_1
0.700,0.557,YVYDGYMADD,NPYDGYMADY,4I77_1
0.917,0.912,SFEEWGMHVSVDAVLDAGQDMPRQ,SFAEWGMHVSVDAVLDAGQDMVRQ,4FNL_1
0.750,0.683,YLGDGSDL,YLGGGSAL,4AT6_1
1.000,1.000,YFGRFD,YFGRFD,2UZI_1
0.571,0.506,YYYMYADDFYFVDD,YYYMSAGDYYPYDT,2BRR_1
0.600,0.607,YTGRDYFYDY,YDGSDYFIDL,6IEB_1
1.000,1.000,INARFLGTRRLDT,INARFLGTRRLDT,3TNM_2
1.000,1.000,YYFYDRDYRGDD,YYFYDRDYRGDD,5VR9_2
0.889,0.798,HLFGAIPGKTEGTWGAGW,HLFGAIPGKTEGTDGAGD,5CIL_1
1.000,1.000,YGFYSPGYYKMDMRVSWDYY,YGFYSPGYYKMDMRVSWDYY,4M1C_1
1.000,1.000,YWDGD,YWDGD,2EIZ_1
0.385,0.243,YYAYMYTGYSRDG,YHTYMNLYGIRDV,4ODV_1
0.438,0.311,YAYGSVSYSYGNWDMY,YWHGTHYYSYWSGDMV,5W2B_1
1.000,1.000,VDYMYYPYEGGLVSDGR,VDYMYYPYEGGLVSDGR,4HK3_1
0.444,0.164,YYLALAMDA,YPWWWAFDA,3K2U_1
0.500,0.429,FTGFGD,VMGHGD,1RZI_2
0.375,0.381,VYYGYAYGDPRYLDMT,VHYGWGYSGPEYFGLW,5EWI_1
0.583,0.603,YWFGYKPYAFAN,YWFGYEAYYAAR,3W2D_1
0.222,0.027,YSFGDCSQGHEGGCYDYG,SSFGWWAHSGHRRGYEDF,5DUM_1
0.500,0.343,YFGSGD,YFLEYD,5VYF_1
0.353,0.211,VLNMYYVYGVAIFGDYS,YKNMYGVYHGSGVADVN,3SOB_1
1.000,1.000,YMGSYYD,YMGSYYD,4FAB_1
1.000,1.000,VFSSNYGYGDY,VFSSNYGYGDY,4MHJ_2
0.600,0.510,YGTRWYFWAD,YGTRGLFLAA,4H20_1
0.846,0.873,YRSYFLERGGGDY,YSSYFLERGSGDY,4UIK_1
1.000,1.000,HYYDWTNCGKYDREFA,HYYDWTNCGKYDREFA,4OLV_1
0.667,0.667,YYRDGYFDY,FSRLGYFDY,3IY4_1
1.000,1.000,YGTDLRFDP,YGTDLRFDP,4G5Z_1
0.267,0.056,YSYMAYWSKQYDRDW,YCRTRSPCLPYIRDG,6IEA_1
0.600,0.607,YSGDYYFYDS,YSGGYYGYEN,4PB0_1
0.571,0.494,YYYMGAYHIYHSDS,YVYMGAYEGYGYDN,4IRZ_1
1.000,1.000,YSRGDGHCCTAT,YSRGDGHCCTAT,6H0E_1
0.533,0.530,YHYMAGYYPNYYRDS,FRGLAGYYERDYRDS,3OJD_1
0.900,0.942,YTTITTMADY,YTSITTMADY,4HS6_1
1.000,1.000,YGGEQNEYRYDVSYGGKMQRFD,YGGEQNEYRYDVSYGGKMQRFD,5VIY_2
0.412,0.309,IGYFVTYFYGRDGSDAD,IGSFDFYYYRATSGDAY,6IUV_1
0.357,0.272,VHWFYYYYPYSTDG,FFEFQYGSPWSTES,6ORO_1
0.188,0.208,VAVWNLKVEGILNDFV,LTIFEVKIVQNFVEFV,4KTE_1
0.400,0.393,YYYLAGDPDINGDDS,YYYFGSEPDISVGAY,3IJH_1
0.500,0.474,YGFA,YSSA,1EMT_1
1.000,1.000,YFYDDRHIETG,YFYDDRHIETG,1CL7_1
0.667,0.545,VWPWFFFDY,VWHWGPFDY,2FAT_1
0.333,0.067,NDLTNA,YMSLNA,1ZA6_1
0.400,0.238,YSYMAYWSKQYDRDW,YSYFGRWSDHGWFDH,5O4O_1
0.600,0.517,YGYYDYGTDN,YGYRDYFLDI,5EPM_1
0.571,0.488,YFYYGGD,YVSYYGD,2J88_1
1.000,1.000,PGVNLSHYCKDLLGGDLC,PGVNLSHYCKDLLGGDLC,6MEE_2
0.250,0.078,DGRLLDYFEYDYTEWMTFGR,GGRYYYVFFGDSYNYHTSAE,4YDK_1
0.962,0.944,NHYDNYGEYGYYDYVGDGYPNARMFD,NHYDYYGEYGYYDYVGDGYPNARMFD,4YAQ_1
0.700,0.603,YYDPLYMADY,YSRPDYMADY,2LTQ_2
0.500,0.351,YFPYSYISDY,YSYHSGIVDY,5TR8_1
0.400,0.410,YFGFYIYNGSYLVDV,YRNFYLYRGGQLLYL,4Q2Z_1
1.000,1.000,YRYERDDL,YRYERDDL,1A7O_1
0.308,0.092,YRGRFRQGYGSDR,YQPGFSQVKVFDW,6MJZ_1
1.000,1.000,TYYNYHEDIDVLGGYKLYD,TYYNYHEDIDVLGGYKLYD,4LF3_1
0.267,0.145,VYYMGYFDENADSDG,LYLFGGSDPDNGSGT,5C0N_1
0.455,0.210,YFYNLDGWGAG,YFRLGGGPGAR,6FBJ_1
1.000,1.000,YMD,YMD,4WHY_4
1.000,1.000,KAIAELSELNLDVLA,KAIAELSELNLDVLA,5USL_2
1.000,1.000,YSYPYDFAW,YSYPYDFAW,4GMS_2
0.714,0.561,VMGGWWD,VMGGGHD,1RZI_1
1.000,1.000,YFGFYIYNGSYLVDV,YFGFYIYNGSYLVDV,5UKP_1
0.538,0.531,YVWGFYNYYPLAS,YAWGFYHDYGSAT,6DDV_1
1.000,1.000,FIGESFHP,FIGESFHP,6B9J_1
0.600,0.577,YQMGD,YQSGA,1KTR_1
0.600,0.600,YHYMAGYYPNYYRDS,VYYMAGYYQNHATDS,4NRX_1
0.778,0.696,YYYDRGMDA,YYYHGGMDA,1IGT_1
1.000,1.000,VGDFRYFYDW,VGDFRYFYDW,3UTZ_2
1.000,1.000,YDYLYADDPAYNDG,YDYLYADDPAYNDG,1FNS_1
0.500,0.286,SGLD,FGLR,2VXT_1
1.000,1.000,HLHAYTNVGLSDG,HLHAYTNVGLSDG,5F9O_1
0.714,0.659,YFIGYGD,YLHGYGD,4AG4_1
0.800,0.746,YGYGDYFWAA,YGDDDYFWAA,4Q0X_1
0.333,0.202,FYYIGRDGAGDVYYGMSRYYT,YYYGLDDYGYDGYFNMSKDSD,3PIQ_1
0.556,0.537,YYPSGGFDF,VYPHDSFDF,2AI0_4
0.700,0.678,YYNGNGMADR,YYYGNGLADD,4YBQ_1
0.667,0.547,YYSNREFDY,YYSLFGFDY,3KS0_1
