length,ID
14,1ZAN_1
12,4NJA_1
8,3V4U_1
8,1G7I_1
13,4EDW_1
7,4UOK_1
22,5KAQ_1
12,4ENE_1
3,4WHY_4
20,6MAM_1
22,4FZ8_1
10,5FEC_1
10,1EAP_1
8,1KIQ_1
20,3ZTN_1
13,1W72_1
16,4IDJ_1
13,1Q9W_1
9,3CLE_1
10,4LLY_1
16,6D11_1
11,4MHH_1
20,4IOF_1
21,6CA9_1
10,4HJ0_1
11,1NCB_1
16,5BK1_1
18,5TPP_1
13,4UV7_1
16,3I75_1
10,5N7W_1
8,6R2S_1
21,4YDJ_1
16,5JW5_1
7,5X5X_1
16,4YFL_1
20,6E4X_1
8,4QXG_1
10,1UYW_1
0,6E9Q_1
4,1TQB_1
5,2YSS_1
10,4LAS_1
10,1JGU_1
15,3BAE_1
7,5WHJ_1
5,1GGI_1
12,2G5B_1
16,4KTD_1
18,4XVJ_1
11,3J42_1
15,1YED_1
10,1RMF_1
8,4K9E_1
10,5I15_1
24,6MCO_1
12,4JDT_1
10,5J3H_1
14,2QQN_1
5,5TDO_2
6,5D72_1
13,3KDM_1
17,4M8Q_1
10,4ISV_1
11,4JQI_1
13,6A78_2
8,1I7Z_1
11,12E8_1
13,4ODV_1
10,5EZI_1
11,3RAJ_1
13,6DDV_1
8,1PLG_1
10,2ZJS_1
11,5VXR_1
14,5K9J_1
10,5UEA_1
7,4FAB_1
10,6C5K_1
15,4K7P_2
14,6N35_1
10,6IEB_1
11,6IDG_1
4,2Y6S_1
18,3GRW_1
16,4OM1_1
11,5ZIA_1
25,6QN8_1
16,2HRP_1
12,6AZX_1
4,2R4R_1
14,2AAB_1
11,1KEN_1
11,6DKJ_1
4,1NSN_1
9,1ORQ_1
19,3BN9_1
5,2DQD_1
7,6MH2_1
14,4M6O_1
15,5WEQ_1
14,2QSC_1
8,4ONG_1
8,5TLJ_1
9,2JEL_1
5,1NGZ_1
19,6JEP_1
8,5XCV_1
12,5FB8_1
5,2DQG_1
5,2DQF_1
12,4ZS7_1
18,3LH2_3
9,5IES_1
24,5LCV_1
15,5W23_1
10,5EPM_1
18,5CIL_1
13,6H3U_1
11,1N4X_1
11,3IY3_1
10,5KEN_3
6,2AI0_1
7,1NJ9_1
8,2BDN_1
5,3NZH_1
8,5IK3_1
11,4X4X_1
11,4A6Y_2
12,1KFA_1
17,3MLW_1
10,3DUU_1
15,5UKO_1
7,3G5Z_1
7,4UOM_1
10,1A4J_1
12,5WKZ_1
24,4R26_1
14,4QWW_1
14,6FY1_2
7,4ZPT_1
13,3MCK_1
9,3CLF_1
9,6DF0_1
13,3G6A_1
13,3IFP_1
22,5U3J_1
10,4GAY_2
11,5CD3_1
8,1A7O_1
9,6GV1_1
11,4LEO_1
11,1D5B_1
20,5WOB_8
19,2NY1_1
12,4TPR_1
13,3CX5_1
14,6B0W_1
14,6AO0_1
11,4R97_1
11,1AE6_1
12,4FQI_1
4,5GGQ_1
9,4RZC_3
10,1MJ8_1
8,5JHL_1
24,4FQ2_1
5,6AMM_1
9,6DG2_1
10,2CMR_1
9,4RNR_2
20,5BZD_1
3,4WHT_1
8,4BZ1_1
15,4Y5X_1
15,6CBV_1
8,1T3F_1
15,1FN4_1
10,5I19_1
13,4YDI_1
9,2FAT_1
19,5C8J_1
13,1NMC_1
21,4NRZ_1
8,5TFS_1
16,6BE3_1
15,3UJJ_1
7,5KVE_1
5,2OZ4_1
7,5F3H_1
10,1LK3_1
11,3PHO_1
11,5UTZ_1
10,6IEC_1
16,6APB_1
13,3O2D_1
11,3DVN_1
9,3KS0_1
3,4XXD_1
13,4LSQ_1
9,5XXY_1
11,1FRG_1
10,25C8_1
14,5IT2_1
17,6IUV_1
12,5Y2K_3
18,2A9N_1
9,4QHK_3
13,4U1G_1
16,4N9G_3
13,6N5B_1
12,1JFQ_1
22,6CA6_1
8,3S35_1
18,5FGC_1
11,5JQD_1
14,5IG7_1
12,5JO5_1
11,4NKI_1
16,4N9G_2
12,8FAB_1
9,5EOQ_1
9,5W4L_2
7,3G5V_1
12,4NM4_1
12,4LSS_1
12,3C09_1
9,1NLB_1
10,2O5X_1
19,6MID_1
11,1FGV_1
11,4HG4_1
3,3QNZ_1
10,3QWO_1
16,3RA7_1
13,4QNP_1
15,5USL_1
8,3ZKM_1
11,3OKD_1
7,5D6C_1
13,1XIW_1
8,4LQF_1
11,6AVN_1
16,3U7Y_1
12,1OSP_1
7,5XCR_1
15,4XCN_6
10,1BLN_1
9,2ADF_1
7,4OCX_1
12,4J6R_1
6,1A5F_1
13,6DZL_1
18,2OR9_1
4,5TQQ_1
7,4D3C_1
11,5OD0_1
14,5FCU_1
5,1XGQ_1
16,4KTE_1
5,1GPO_1
10,3EOT_1
16,6BP2_1
4,5V6M_1
13,5T5F_1
11,6CXY_1
9,4DVB_1
12,1IL1_1
15,5USL_2
10,1F11_1
7,5KVG_1
11,5FHA_1
11,2FL5_1
12,1HEZ_1
8,6I04_1
12,5OCC_1
9,3TT3_1
17,4HPO_1
10,2A77_1
9,3I2C_1
10,4M1G_1
25,4OCS_1
10,4DCQ_1
11,1FVE_1
11,4JZJ_1
11,2Y07_1
8,1CIC_2
12,3WD5_1
16,4PTU_1
5,1XGP_1
17,5UDD_6
18,4MWF_1
16,6DB5_1
8,1KIR_1
9,5CMA_1
10,1FOR_1
11,5NUZ_1
16,6OBZ_1
10,4LLU_2
11,4KVC_1
10,4YBQ_1
10,3QPX_1
14,3CMO_1
18,2A9M_1
16,5IBU_1
14,3LRS_1
3,5VZY_1
10,1C1E_1
17,4GXV_1
9,3V6O_2
7,6GC2_1
19,3TWC_1
6,1Z3G_1
11,5TDN_1
9,1IGT_1
14,3V6F_1
16,3H3P_1
4,3SGE_1
11,5GZ0_1
13,1R24_1
8,5XCV_2
10,1ZTX_1
8,1A2Y_1
11,1EJO_1
12,1R70_1
16,3LMJ_1
10,4HGW_1
17,4K3D_1
10,4OJF_1
14,2AI0_2
13,4ODS_1
18,5TUD_1
19,5CCK_1
7,1FLR_1
11,3DVG_1
12,6FAB_1
12,3J6U_1
24,4UV4_1
11,4IOI_1
11,6B0H_1
8,4P59_1
18,5U15_1
9,5HI4_1
9,4R7D_1
15,3EFF_1
14,3SE9_1
11,6GFE_1
5,2DQI_1
11,4HLZ_1
8,6IAP_1
11,1AD9_1
13,4XAW_1
8,5GKS_1
4,4OKV_1
16,1ETZ_1
17,6N8D_1
9,6CDP_1
15,5W6C_1
14,6CW3_1
7,6HF1_1
10,4Q0X_1
13,4J8R_1
12,5BK5_1
12,6GK8_1
10,5I18_1
11,3U9P_2
11,1KEG_1
10,4YHO_1
3,2Q8B_1
9,3QUM_1
11,4CMH_1
10,4HS6_1
21,4NPY_2
16,4F58_1
17,4YDV_1
1,6ANP_1
11,6B08_1
18,4NZR_1
19,6BKC_1
20,5BZW_1
20,5TFW_1
13,6R8X_1
5,3D9A_1
8,3AB0_1
11,5OCK_1
10,1A4K_1
11,5JO4_1
19,6MTS_1
9,2GSI_3
11,5B8C_1
6,5DR5_1
8,6MW9_1
18,6NB8_1
15,5T4Z_1
10,4LLW_1
13,4XCF_1
12,4FQY_1
6,3CFB_1
6,1BAF_1
9,4MXV_1
13,5GJT_1
9,5SX5_1
12,3NAA_1
9,1JHL_1
17,1F58_1
11,2H1P_1
8,1G7H_1
9,6CUE_2
7,1HQ4_1
13,3FO0_1
21,4HF5_1
21,5U3P_1
9,3B9K_1
12,4X0K_1
23,4S1R_1
8,5ANM_2
12,5VCN_1
19,5UEL_1
10,5I9Q_1
11,6FBJ_1
12,3BGF_1
18,6MEE_2
12,3NAB_1
11,1NCA_1
14,5Y9F_1
10,4K3J_1
10,5I1C_1
13,4PB9_1
11,3U9P_1
4,4TRP_1
9,6DF2_1
12,6BQB_1
17,3X3F_1
12,1MNU_1
16,5Y2K_1
10,4U6H_1
13,4YC2_2
26,4NUG_1
10,6NOV_1
8,1FL5_1
14,4GSD_1
12,3PIQ_2
12,5G64_1
15,5KW9_1
11,6BGT_1
9,2NYY_1
8,1QFW_1
11,5TDO_1
7,4KI5_1
6,6GHG_1
13,4EDX_1
9,2GCY_1
11,5G64_2
10,3MXW_1
12,5V7U_1
5,1KTR_1
12,5V6L_1
13,3Q3G_1
10,5TR8_1
10,6BZW_1
8,4AT6_1
8,5W3M_1
12,1AP2_1
9,5YWO_1
6,5N4J_1
19,6BCK_1
5,1IND_1
7,5TJD_1
5,1IC5_1
15,4ZTP_1
12,6GV4_1
6,5XAJ_1
18,4XC1_1
10,4I77_1
6,2VH5_1
5,2ZKH_1
10,5NJ6_1
4,2DDQ_1
10,4XP4_1
22,4OT1_1
19,1GC1_1
9,4CNI_1
10,2V7H_1
11,3NH7_1
15,3WFD_1
13,5CHN_1
13,5J13_1
9,1WT5_1
11,1D5I_1
16,4C2I_1
4,6BIT_1
9,2AI0_4
14,1SEQ_1
7,3G5X_1
11,4QCI_1
5,5VJQ_1
16,4OM0_1
12,5YWY_1
4,5DYO_1
6,3D85_1
15,6BTJ_1
19,1G9M_1
12,1J05_1
8,1F4W_1
6,2UZI_1
13,1NMA_1
10,3QRG_1
11,3V7A_1
13,6BLH_1
10,2VL5_1
10,4HBC_1
12,4NYL_1
1,5YE3_1
7,1MJU_1
13,2XRA_1
13,2IPU_1
8,1A7P_1
4,3MNW_1
9,2ARJ_1
10,2XZC_1
0,3U1S_1
12,1DN0_1
11,2ADG_1
10,3T3P_1
12,4K2U_1
12,5GZR_1
10,4GAJ_1
12,3P0Y_1
14,1BJ1_1
12,3NA9_1
10,1LO0_1
14,6ORO_1
5,6DC9_1
11,5Y9C_1
5,3A67_1
14,6E5P_2
18,5OD8_1
8,5F6I_1
15,3MLT_1
17,3PNW_1
5,1NLD_1
12,3GBM_1
8,3F12_1
17,5BV7_2
10,4IJ3_1
8,3HR5_1
13,5B71_1
10,3DUR_1
12,1IT9_1
21,5U3M_1
13,6GK7_1
14,4PLJ_1
10,1CLO_1
13,4DKE_1
12,4DTG_1
10,1CLZ_1
5,5IHZ_2
10,3R1G_1
12,2PR4_1
10,5TF1_1
11,5WB9_1
20,4IMK_1
7,2R29_1
10,6BZU_1
3,1HI6_1
18,3LRS_3
10,4N8C_1
17,4HK0_2
15,6DEZ_1
8,4AL8_1
8,2GK0_2
11,1CL7_1
13,3EFD_1
17,1DFB_1
5,1IC7_1
16,4S1S_1
13,2IQ9_1
8,1UWG_1
15,4F37_1
9,3GNM_1
9,1MQK_1
13,6A76_1
10,3H0T_1
13,4F2M_1
15,4ODH_1
8,4L5F_1
8,4FFV_1
7,4QEX_1
11,4MHJ_2
10,4JZN_1
9,5YWF_1
11,3VFG_1
13,1FBI_1
10,4NCC_1
9,3NTC_1
12,1IGM_1
8,4KQ3_1
7,3HC4_1
9,5VH4_1
13,5ITB_1
11,5XLI_1
5,5VJO_1
15,5C0N_1
7,5VKK_1
9,4TTD_1
6,4QHU_1
8,2YC1_1
4,4OTX_1
16,4OLW_1
13,5LBS_1
12,4UIF_1
13,5DSC_1
22,6DB7_1
10,4JZO_2
14,3G6J_1
18,5CGY_1
10,1DBM_1
13,6HKG_1
7,6C9U_1
15,3AAZ_1
12,5BK5_2
5,3CXD_1
10,5DHV_1
11,4HIH_1
10,6E62_1
24,6NNJ_1
3,5DMG_1
13,6MHR_1
14,2BRR_1
8,1UWE_1
14,4DAG_1
17,5E08_1
8,3N85_1
16,3SO3_1
13,6FAX_1
7,6BFQ_1
9,5I30_1
16,6NZ7_1
10,3UTZ_3
13,3J8W_1
13,3BKY_1
11,3PGF_1
5,1JNL_1
6,6DJP_2
11,5XCU_1
9,5TRU_1
9,4JR9_1
11,4HIE_1
10,1IGJ_1
7,5I1D_2
16,4FQJ_1
9,4GQ9_1
9,2QR0_1
7,3IY1_1
11,1I8K_1
12,5WK2_1
10,6N5D_1
9,5SZF_1
21,4JO4_1
5,1NBY_1
7,1ZEA_1
3,5ZXV_1
11,1RJL_1
10,5FGB_2
12,5HBT_1
20,5CJO_1
6,1RZI_2
10,1MHP_1
10,5XS7_1
7,5VTA_1
7,5BMF_1
10,5F7E_1
10,3QPQ_1
11,4A6Y_1
6,5T1D_1
3,1C5C_1
7,5I1K_1
13,6EA7_3
13,4NRY_1
19,6OT0_1
27,3MUG_1
5,1MEX_1
9,1A3R_1
10,6E65_1
6,5VYF_1
13,4U0R_1
10,5NIV_1
8,1JPS_1
11,2H9G_1
16,4FQK_1
7,6AQ7_1
24,4FQC_1
9,6BPE_1
17,4JHA_1
11,5NPH_1
16,4XAK_1
16,5EWI_1
7,1MCO_1
12,6ORQ_1
4,5E2W_1
18,4NUJ_1
10,4YHL_1
9,6D6U_1
6,1A0Q_1
13,5UR8_1
11,1AXS_1
13,3FO2_1
15,4M5Y_1
16,5BK1_2
18,5GZN_1
20,5WOB_4
21,3PIQ_1
10,2I9L_1
12,4YHY_1
10,4M43_1
11,5L0Q_1
17,3TJE_1
10,1AY1_1
11,4PS4_1
12,1MVU_1
12,5WL2_1
11,5XHV_1
10,1LO4_1
13,4UIK_1
5,5AUM_1
20,4IOF_2
8,2G60_1
0,6N7U_1
15,4XML_1
13,5IK3_2
10,4GAG_1
3,1I3G_1
15,5UKQ_1
12,4KAQ_1
16,3INU_1
7,5VL3_4
27,4DQO_1
15,5EN2_1
11,3NCY_1
21,6QN7_1
9,4PUB_1
17,3P30_1
15,4XNZ_1
7,1H3P_1
4,5CP3_1
5,2DQC_1
9,4Y5V_1
15,5DD6_1
9,4R7N_1
7,5DLM_1
11,1OCW_1
9,2NZ9_1
9,3K2U_1
18,4WV1_1
13,3DRQ_1
11,2XZQ_1
13,5DQD_1
19,4UT9_1
19,6MTR_1
5,1CR9_1
10,3QQ9_1
11,5UBY_1
6,1UB6_1
24,4JY5_1
10,5YFI_1
21,5Y0A_1
10,4KMT_1
18,3BQU_1
6,1FL3_1
9,5YUP_1
9,6CDM_1
13,5FUZ_1
24,4JY6_1
5,3A6B_1
9,6BPC_1
11,5C0R_1
21,5EU7_1
7,3NFS_1
12,4ZD3_1
8,4LKX_1
10,3O2V_1
17,6DLB_1
19,6EAY_1
9,4HC1_1
20,1ZA3_1
10,6DFJ_1
5,1BM3_1
9,5TZU_1
16,4YFL_2
9,4GMT_1
13,4UIN_1
18,6C6Z_1
13,5NYX_1
10,3DGG_1
11,2VWE_1
10,2B2X_1
7,1T66_1
14,4HFU_1
9,1T4K_1
8,1G7L_1
5,1XGT_1
17,3NPS_1
13,5VK2_1
18,4XCE_1
5,6BHZ_2
5,1GAF_1
11,6NB5_2
19,5Y2L_1
7,2ZPK_1
19,4YE4_1
19,4LF3_1
14,4U6V_1
5,1E4X_1
10,5I1L_1
10,3ZL4_1
19,4OSU_1
12,3MAC_1
7,5F3B_1
9,5K59_1
14,1YEE_1
10,3IY2_1
24,5W6D_1
5,5TDN_2
14,6BLA_1
16,5GGV_1
13,2HMI_1
9,2HH0_1
8,2HKF_1
11,5KVD_1
13,4HS8_1
13,4NRY_2
13,5A16_1
21,5UWE_1
24,5U7M_1
6,6D9W_1
10,4K23_1
12,6BZY_1
13,4OGY_1
16,4OLV_1
8,3MJ8_1
19,3TV3_1
11,3T65_1
9,4Y5Y_1
10,2GFB_1
9,2OTU_1
8,3O6K_1
16,4OLX_1
14,1DQL_1
6,2EH7_1
10,4G6A_2
20,5T5B_1
12,5MHR_1
15,6AL4_1
5,2EKS_1
7,4AG4_1
10,5I66_1
11,1OAX_1
9,5MVZ_1
10,2H32_1
10,6B5R_1
10,5MES_1
15,5WNA_1
10,5CZX_1
9,6D2P_1
13,3J8V_1
8,4V1D_2
8,5UEK_1
13,6BT3_1
18,5DUM_1
11,6O3A_1
10,4PB0_1
19,5AWN_1
13,5K9O_1
8,1UZ8_1
8,1IQD_1
16,4XVT_1
13,6GFF_1
12,4BH7_1
12,6ID4_1
9,3HNT_1
8,4MAU_1
11,6AND_1
11,2DTM_1
12,5VSI_1
10,3VE0_1
12,3KJ4_1
12,5TGB_1
8,6DCA_1
7,5DO2_1
7,2Z92_1
21,6QN9_1
5,1P4I_1
8,4FFW_1
22,6BKD_1
5,1FH5_1
20,4M1C_1
20,5T6L_1
16,6NN3_1
13,3I02_1
9,3WSQ_1
10,5I1G_1
9,2Z4Q_1
11,6IAS_1
8,1A7R_1
20,4LKC_1
11,2JB5_1
15,3PJS_1
14,3LZF_1
17,6FY3_1
11,6ARP_1
9,6CDO_1
9,5L7X_1
8,6AOD_1
7,6ANA_1
12,6OTC_1
8,6BFS_1
6,5NGV_1
11,6ANI_1
17,4OB5_1
7,1MRE_1
10,4HQQ_1
8,2R0L_1
12,5VR9_2
15,6CYF_1
4,1FJ1_1
11,6O39_1
10,3PP4_1
10,2LTQ_2
10,4ONF_1
12,6H0E_1
9,3FFD_1
8,4Z5R_1
11,1IGC_1
10,5CSZ_1
10,5VQM_1
15,3HZY_1
12,3MA9_1
11,2Y06_1
11,2V17_1
10,5I1E_1
8,1FGN_1
14,5Y9K_1
6,2LTQ_1
17,4WUK_1
17,3SOB_1
16,4HHA_1
24,5CEX_1
11,6NJM_1
16,4M8Q_2
10,3IXX_1
16,5IBT_1
15,3UC0_1
9,5CUS_1
15,5KEM_2
10,1BFO_1
10,1RUR_1
10,5D8J_1
16,5TPN_1
7,1YNL_1
9,2G2R_1
14,3JCX_1
13,6B14_1
13,3IFO_1
14,6D01_1
14,4XNQ_1
14,4POZ_1
7,5W0K_1
10,4Z0X_1
9,1F8T_1
5,1P4B_1
8,5DWU_1
14,5Y11_1
8,3QUM_2
21,6OKQ_1
11,1NL0_1
12,4XHJ_1
15,6CNR_1
8,5GKR_1
9,4TSB_1
11,4S2S_1
10,1KNO_1
7,2XKN_1
10,5GS1_1
9,4GMS_2
14,3QHF_1
14,4XBG_5
6,6BB4_1
13,5VOB_1
5,5TIH_1
14,3IY7_1
13,2GK0_1
18,6BLI_1
12,3G04_1
8,1FDL_1
7,1KCR_1
15,6APD_1
8,4K94_1
8,2PCP_1
21,6E3H_1
10,4MHJ_1
10,5KVF_1
10,3DV4_1
17,5M63_1
23,6CMG_1
7,6A3W_1
10,5W24_1
8,6B9J_1
7,2D7T_1
6,6ANP_2
14,6A0X_1
11,5VIG_1
10,3UTZ_1
11,4R4B_1
14,1FNS_1
14,1OAK_1
16,3EYF_1
11,4M61_1
11,5HDQ_1
15,4UU9_1
10,2UUD_1
12,6IEK_1
13,5GJS_1
15,5EII_1
10,1CLY_1
11,3IU4_1
10,4JLR_1
11,3GK8_1
8,4XH2_1
18,4LLV_2
13,4QHN_1
13,5B3J_1
20,5IQ7_1
13,5F96_1
14,5X08_1
15,5XKU_1
11,1OAQ_1
7,6CSE_1
18,4YWG_1
8,5TZT_1
5,2DQH_1
9,1EO8_1
19,3Q6G_2
12,4YR6_1
12,4JPI_1
13,4X80_1
8,1K6Q_1
14,4JN2_1
8,2WUC_1
11,6B3M_1
11,4JFX_1
10,3DIF_1
10,32C2_1
9,4G5Z_1
16,5DD6_2
12,5VAG_1
15,5TRP_1
12,2FJH_1
10,1NCW_1
6,4HXB_1
9,4WEB_1
14,3RKD_1
10,4RGN_2
19,4NWT_1
10,1SY6_1
5,1NAK_1
6,5D7S_1
13,4PY7_1
23,4XMP_1
15,6ELE_1
7,5GS0_1
7,2FGW_1
10,2AJV_1
10,5I8O_1
10,4H88_1
5,1IC4_1
15,6DW2_1
13,5XMH_1
12,4NKM_1
10,4F33_1
10,4NP4_1
16,4I18_1
7,5EOR_1
24,4NPY_1
12,4NKD_1
21,5U3O_1
5,1J1P_1
11,4HDI_1
9,4HWE_1
12,5WTG_1
8,5TLK_1
10,3ULS_1
15,5UKN_1
9,6BDZ_1
24,6D0U_1
24,4OD3_1
12,4YHZ_1
12,6I8S_1
7,1MRC_1
5,1GGB_1
9,2AEQ_1
11,5XCU_2
12,3I9G_1
3,5OBF_1
12,2IQA_1
9,2ORB_1
13,4UTA_1
13,4QTH_1
8,1KIP_1
17,6DLA_1
6,5NHW_1
7,1YQV_1
12,1SBS_1
24,4FNL_1
10,4EBQ_1
11,3HI6_1
13,5I8C_1
5,2EIZ_1
18,6MEF_1
12,5VOD_1
19,5UG0_1
11,5O6V_1
11,1NC2_1
7,2J88_1
24,5ESV_1
22,6NCP_1
19,3IDX_1
11,1OAX_4
5,1NDG_1
12,5B4M_1
15,4HCR_1
24,5CEY_1
10,3IFN_1
7,2E27_1
8,1MIM_1
15,5WNB_1
14,3N9G_1
7,3FZU_1
9,1C5D_1
12,5KEN_1
24,4FQ1_1
12,5BK5_3
12,2VXV_1
16,5W1K_1
13,4K7P_1
14,3QEG_1
13,4LVH_3
19,4LRI_2
13,6APC_1
15,5ODB_1
11,6J5D_1
10,6AXL_1
11,1YJD_1
16,4OLU_1
14,1ADQ_1
9,4OQT_1
12,3J8Z_1
10,4LLU_1
16,4NZU_1
5,2RCS_1
22,2XTJ_1
11,5W05_1
10,1S3K_1
10,2HFF_2
14,6II4_1
4,3UJT_1
14,5OCA_1
14,2AJ3_1
10,5D96_1
11,5U6A_1
16,5A3I_1
15,5O4O_1
8,1A6T_1
12,4OD2_1
10,5I17_1
16,2XQB_1
9,5X8L_1
13,5VIC_1
9,1PKQ_1
7,5TKK_1
13,3TNM_1
7,2Q76_1
10,4XTR_1
12,4KUC_1
8,3F12_2
10,1QKZ_1
11,6AZZ_1
13,4LSR_1
11,4S1D_1
9,4J1U_1
16,6B0E_1
9,3U9U_1
8,5UCB_1
12,2R8S_1
10,3L95_1
7,3S34_1
10,5UOE_1
16,5E8E_1
24,5CEY_2
4,4LU5_1
7,1YNK_1
7,3G5Y_1
16,5JW5_2
7,4BKL_1
10,3OPZ_2
16,1RIH_1
8,1G7J_1
15,5JRP_1
18,4M62_1
12,6GKU_1
5,1DL7_1
8,4OII_1
9,1FSK_1
18,1N0X_1
11,3BDY_1
10,4RAU_1
10,5I1A_1
12,5X8M_1
10,4H8W_1
10,1T2Q_1
9,4DKF_1
13,5JQ6_1
17,3FN0_1
9,1ORS_1
5,6MV5_1
12,4NYL_4
14,3OAU_1
3,5YY5_1
9,3SQO_1
17,2FB4_1
7,1JHK_1
13,6N4Q_1
14,1GIG_1
8,4HXA_1
12,4D9L_1
12,3W2D_1
21,4OCR_1
4,3MO1_1
14,3WKM_1
11,6JMR_2
16,5IBL_1
9,5XQW_1
9,2CK0_1
13,2ZCH_1
5,4KPH_1
7,5KG9_1
14,1AQK_1
8,1G7M_1
10,3OPZ_1
10,5EOC_1
12,4XI5_1
14,6CEZ_1
10,1L7T_1
1,6CT7_1
12,3GBN_1
8,3KJ4_2
9,6MEG_1
5,1XGR_1
12,4ZS6_1
12,5VL7_1
24,4UT6_1
7,6NB5_1
8,1B2W_1
15,5MP6_1
6,4D9Q_1
15,6IEA_1
15,6GLX_1
9,4XGZ_1
16,5WCD_1
7,6DWI_1
11,4LVN_1
7,5IFH_1
15,5UKP_1
6,5IKC_1
12,1DSF_1
13,4QHK_1
4,5CP7_1
22,2F5A_1
18,6MTQ_1
19,5DD5_1
12,3NAC_1
3,6F7T_1
15,3VG9_1
16,6B0G_1
9,3IY4_1
8,1WEJ_1
14,1YEC_1
10,3S96_1
11,5XCX_1
13,6MJZ_1
8,2R0K_1
19,5Y2K_2
16,2HFG_1
17,4RIS_1
20,5T29_1
10,3WII_1
13,3KR3_1
9,5TKJ_1
7,4WCY_1
20,5SY8_1
14,3UJI_1
12,2A6I_1
11,4R4N_1
9,2W60_1
12,4YQX_1
11,3IY0_1
10,5I8K_1
6,2ORB_2
24,5UMN_1
12,1IAI_2
9,4RZC_2
13,5F9O_1
8,4LIQ_1
16,5BK3_1
14,3LH2_1
4,3GGW_1
11,4HFW_1
20,4IML_1
11,5MO3_1
9,3BSZ_1
8,6FGB_1
14,5E94_1
8,1UJ3_1
18,4GLR_1
13,5B3J_2
10,2UYL_1
11,1MCP_1
12,5ANM_1
10,4R96_1
10,1Q72_1
15,3U36_1
14,4ZYK_2
8,2VXQ_1
9,2RCJ_1
9,5LDN_1
18,5BJZ_1
5,5X4G_1
19,3SKJ_1
9,1CT8_1
15,3IJH_1
15,5GMQ_1
6,3S62_1
12,4XCY_6
13,5I5K_1
11,5LSP_1
6,5N4G_1
7,5MO9_1
12,2R56_1
11,1TZI_1
11,4HPY_1
15,5IIE_2
14,1Y0L_1
13,1BZ7_1
8,5IHZ_1
19,3MLY_1
11,6BHZ_1
13,3TNM_2
8,4XH2_2
10,1Q0X_1
14,6FY2_1
16,5DRZ_1
20,4YDK_1
12,3CVI_1
8,1CIC_1
10,4G6M_1
15,6OE4_1
21,5U3L_1
16,4XBG_4
13,2R0W_1
10,6B70_1
13,1RZF_1
16,4F57_1
9,5UMI_1
10,2YPV_1
15,3MLT_3
10,5EOC_2
4,4J1U_3
11,4Q6I_1
18,4LLV_3
10,1QNZ_1
7,3R06_1
5,1E4X_2
11,5XCS_1
7,5XCT_1
11,5TH2_1
7,6EWB_1
7,3HC3_1
15,5WI9_1
12,3GBM_2
13,4OGY_2
10,6BZV_1
10,5VSH_1
5,5TBD_1
14,6MTT_1
24,5ESZ_2
11,1FVD_1
15,6MTP_1
24,5CEX_2
9,4TSA_1
11,4HG4_2
14,5CWS_1
12,4KY1_1
12,6AD0_1
13,1QFU_1
11,5DUR_1
15,3CSY_1
5,1BBJ_1
16,4OLZ_1
10,6EYN_1
10,3HMX_1
15,4G80_1
13,6A79_1
14,5GGT_1
13,1TZH_1
10,4AEH_1
20,5ALB_1
19,4NWU_1
17,3U6R_1
8,4JPI_2
12,3NCJ_1
13,5W9I_1
11,1OAY_2
8,4YO0_1
10,4JJ5_1
10,3LDB_1
21,5U3N_1
9,4O02_1
13,3VRL_1
13,3SDY_1
9,2FBJ_1
14,5WKO_1
15,5X2N_1
11,1FPT_1
16,5WCC_1
3,5YY5_2
11,5GGS_1
15,2B1H_1
9,4TSC_1
7,1P2C_1
9,6EMJ_2
8,6HIG_1
4,3C5S_2
8,4XH2_3
15,1FAI_1
9,2AEP_1
6,4XMM_1
10,2AGJ_1
13,3EYS_1
12,4EVN_1
7,6AMJ_1
8,4KQ4_1
4,5KQV_1
12,5FYK_2
10,5V2A_1
22,5VIY_2
11,4ZYK_1
13,5NMV_1
7,1MLB_1
10,1L7I_1
6,1F3D_1
11,1NGQ_1
26,4YAQ_1
1,5FEH_1
5,5NBW_1
17,3WHE_1
13,3W9E_1
9,4LEX_1
11,3L5X_1
19,5DD0_1
7,5BO1_1
8,3WHX_1
10,1I9J_1
11,6H3T_1
6,1IGY_1
10,6C5I_1
13,1R0A_1
19,5K9Q_1
10,3O41_1
11,1P7K_1
8,3J70_1
9,5E8D_1
8,4M6M_1
11,5TL5_1
13,6N5E_1
9,5KN5_1
15,6DEZ_2
10,4H20_1
9,2IH3_1
16,3QEH_1
16,4XCY_4
10,43C9_1
11,3PHQ_1
8,6DDR_1
10,3EYO_2
11,5DFV_1
5,1J1X_1
4,2VXT_1
12,4WUU_1
10,6H5N_1
15,1U6A_1
19,4ERS_1
11,4AEI_1
7,2W9D_1
7,3HC0_1
10,5YSL_1
11,5W06_1
8,4AMK_1
10,6IUT_1
10,1CE1_1
10,5I1H_1
16,4CAD_1
7,5VKK_2
15,5MHS_1
13,1A14_1
7,5CZV_1
17,6BF4_1
11,5H35_1
12,6ATT_1
10,4DN3_1
10,4RNR_1
12,5LQB_1
11,3MBX_1
9,6I9I_1
10,2IGF_1
7,5B6F_1
10,4G6A_1
11,3B2U_1
8,6DDM_1
8,6DJP_1
10,5I1I_1
13,5MYK_1
13,1NMB_1
12,3FMG_1
13,4QHM_1
12,4RGM_1
9,3EYQ_1
24,5D9Q_1
11,1E6O_1
13,2IPT_1
10,4G7V_1
15,2YMX_1
17,5FHB_1
11,1A6V_1
8,6AYZ_1
7,4RDQ_1
12,5VPL_1
11,1HIL_1
6,1UB5_1
9,5VEB_1
3,5JOP_1
16,4Z8F_1
12,4UAO_1
10,3U30_1
16,4KVN_1
9,3LS5_1
10,3I50_1
16,6NB3_1
14,1YEJ_1
11,5UBZ_1
24,4UT7_1
12,3V4V_1
8,1MAM_1
12,1H0D_1
8,1A7Q_1
12,6AXK_1
24,6MTJ_1
6,5N2K_1
9,5AZ2_1
13,4LSU_1
12,3EO9_1
6,5MYX_1
13,6N5E_2
16,5IGX_1
10,5I17_2
8,5OPY_1
15,3HZM_1
16,5CIN_1
24,3U4B_1
11,3EO0_1
10,2GSI_2
9,1MFE_1
15,5MHE_1
14,2QHR_1
10,3HAE_1
15,6IVZ_1
16,4JDV_1
22,5VVF_1
14,4YUE_1
8,3M8O_1
3,5KVL_1
9,3VI3_1
28,4ORG_2
5,2DQE_1
17,1IKF_1
10,5WTT_1
10,5I16_1
22,6CA7_1
11,4QF1_1
13,4YBL_1
12,4LMQ_1
16,5BV7_1
7,5H2B_1
14,6BSP_1
13,6II9_1
10,6CNJ_1
14,4IRZ_1
12,5ALC_1
17,4R8W_1
15,6MTO_1
11,5TZ2_1
18,5DUP_1
12,4RGO_1
18,5TPL_1
16,6II8_1
5,1J1O_1
5,5MU0_1
13,5DRN_1
9,4FFZ_1
9,2XQY_1
27,4ORG_1
10,1KB5_1
12,5WL2_2
10,1NBV_1
10,5JO4_2
8,2JIX_1
10,3UTZ_2
10,1IAI_1
12,4BZ2_1
12,1DEE_1
21,5TY6_1
14,6DB6_1
17,6MED_1
10,6EYN_2
7,5XCQ_1
12,6MYY_1
13,2OP4_1
8,6C6X_1
19,6CM3_1
9,2OK0_1
18,5ZMJ_1
13,4R90_1
12,6MLK_1
5,4LCI_1
19,4LRI_1
6,5ADO_1
10,5GZO_1
13,5TE7_1
20,5WOB_6
9,1NFD_1
9,5V7R_1
13,6DB8_1
9,2HFF_1
10,4JZO_1
11,1AFV_1
13,3QCU_1
8,2VQ1_1
16,5W2B_1
9,4RZC_1
13,5XAJ_2
10,2XWT_1
7,5TH9_1
10,4YDL_1
11,6BPA_1
16,4N9G_4
11,3QHZ_1
16,1OPG_1
15,6A67_1
9,1I9R_1
9,1MFA_1
9,1YNT_1
12,6D9G_1
11,5T33_1
15,6N81_1
17,3THM_1
12,4X7S_1
9,5W5Z_1
12,1C12_1
5,1NGY_1
7,3LEX_1
10,1FIG_1
14,6BFT_1
14,2DQU_1
9,4O9H_1
10,5GRV_1
1,5YE4_1
19,2QAD_1
3,2Q8A_1
19,5JZ7_1
7,3LEY_1
8,4O4Y_1
8,1XGY_1
10,3J1S_1
11,3CFD_1
10,2V7N_1
22,1RHH_1
15,3OJD_1
12,5KJR_1
3,4QT5_1
15,3GI9_1
10,5MYO_1
6,4RAV_1
5,3A6C_1
13,6ORP_1
9,6CJK_1
24,5W08_1
11,6O3B_1
13,6GG0_1
10,3KYM_1
11,1AI1_1
10,5XWD_1
15,4J4P_1
7,1RZI_1
10,1CFV_1
7,4YPG_1
8,1KEL_1
15,4V1D_1
16,5WCA_1
19,5UEM_1
4,3U0W_1
7,3FO9_1
9,6BJZ_1
12,4N90_1
10,5GS0_3
4,5GIR_1
13,2YK1_1
17,5YOY_1
15,4NRX_1
14,3GO1_1
13,5F9W_1
13,2R0Z_1
19,4NNP_1
10,1JN6_1
12,4BH8_1
13,4LVH_1
7,2C1P_1
9,4C83_1
14,1CZ8_1
22,3IDG_1
14,4DGV_1
16,4N9G_1
17,4HK3_1
15,3D0L_1
5,1UAC_1
13,1DVF_1
6,1SM3_1
17,4YK4_1
13,3FO1_1
20,6E56_1
12,4NKO_1
8,1A7N_1
21,4OAW_1
10,4M7J_1
15,4Q2Z_1
12,3NN8_1
15,5VLP_1
8,6B9J_2
11,2FJF_1
17,5UDC_1
12,4LST_1
20,5IQ9_1
16,4FZE_1
9,5IFA_1
12,5OTJ_1
8,5F6H_1
8,6FLB_1
10,4RRP_1
9,5BVJ_1
12,5ZV3_1
14,1UWX_1
13,4LSP_1
5,1NDM_1
10,5EA0_1
14,5JOF_1
7,2NR6_1
14,4JN2_2
13,4TNW_1
6,5WAW_1
21,4NRX_2
12,5C0S_1
20,5JR1_1
10,3GJF_1
12,4ZSO_1
7,1KCV_1
24,3TCL_1
28,3MME_1
10,3OZ9_1
14,6N7J_1
9,1UM5_1
8,1B4J_1
17,5BK2_1
7,3IET_1
20,3GHE_1
10,1MH5_1
13,1QFW_2
10,2HWZ_1
11,1OB1_1
5,1PSK_1
10,5KEL_1
16,4JKP_1
9,1PZ5_1
22,4FQQ_2
12,5O4G_1
10,3LIZ_1
12,3TT1_1
9,2G75_1
9,3V6O_1
8,4O51_1
25,3Q6G_1
20,5WOB_1
12,1IQW_1
13,4KI5_2
10,4YGV_1
11,4JFZ_1
8,5WCC_2
13,4JPW_1
13,1RZG_1
15,6D0X_1
6,5IHZ_4
11,4JG1_1
6,1ZA6_1
4,1EMT_1
7,1JGL_1
5,1XGU_1
18,5DRW_1
14,6GLW_1
14,3GKW_1
10,5OB5_1
7,1KCU_1
10,1EGJ_1
12,4JPK_1
8,3E8U_1
24,5FYL_1
10,6JMQ_1
7,5VTA_2
0,5DRX_1
18,4ODX_1
26,3U2S_1
8,6ELE_2
23,4O5L_1
14,1Y18_1
12,1JRH_1
10,1AD0_1
5,4QYO_1
15,5W6G_1
11,4KUZ_1
14,3U36_4
19,1ZVO_1
13,5DMI_1
13,4JAM_2
18,4FQL_1
18,5TQA_1
10,5ESA_1
14,2BMK_1
10,6FLC_1
12,5JO5_2
9,3V0W_1
10,3MCL_1
8,6EV2_1
13,4QHL_1
9,3JAU_1
7,3U0T_1
11,3L5W_1
8,1BVK_1
15,2QQK_1
24,4FQQ_1
11,2Y36_1
14,6A4K_1
12,5BK5_4
10,4HK0_1
11,3UBX_1
13,5USH_1
18,6MEE_1
20,6CW2_1
8,6DC8_1
12,6B5M_1
13,5XBM_1
13,4HZL_1
11,4HT1_1
20,4M1D_1
9,1YUH_1
7,5I1J_1
20,5WDF_1
11,1QGC_1
18,4YWG_2
10,1DLF_1
6,6MH2_2
13,6DZN_1
11,4M7K_1
21,5UIX_1
21,5U4R_1
8,3WLW_1
19,3Q6F_1
10,2CJU_1
13,1IBG_1
13,6DCV_1
18,5XRQ_1
14,1DQD_1
13,3GIZ_1
9,4P3C_1
11,4ZFO_1
7,3IF1_1
12,5FGB_1
10,5TGB_2
11,4ZFG_1
13,2J6E_1
16,4N0Y_1
4,3QG6_1
13,5JUE_1
11,1PG7_1
25,6QNA_1
13,2GSI_1
7,5T6P_1
13,4JAM_1
12,4NJ9_1
13,5L6Y_1
15,3LHP_1
7,1FE8_1
14,2J4W_1
10,5I1D_1
16,6B0A_1
10,6H3H_1
7,4WFF_1
11,3NZ8_1
8,3J2X_1
10,2D03_1
16,6AZM_1
18,5U0R_1
10,6AZ2_1
10,5ZS0_1
9,5WUV_1
9,6FOE_1
